,PassengerId,Age,Fare,Pclass_2,Pclass_3,Sex_male,SibSp_1,SibSp_2,SibSp_3,SibSp_4,SibSp_5,Parch_1,Parch_2,Parch_3,Parch_4,Parch_5,Parch_6,Embarked_Q,Embarked_S,Survived
0,1.0,22.0,7.25,False,True,True,True,False,False,False,False,False,False,False,False,False,False,False,True,0
1,2.0,38.0,71.2833,False,False,False,True,False,False,False,False,False,False,False,False,False,False,False,False,1
2,3.0,26.0,7.925,False,True,False,False,False,False,False,False,False,False,False,False,False,False,False,True,1
3,4.0,35.0,53.1,False,False,False,True,False,False,False,False,False,False,False,False,False,False,False,True,1
4,5.0,35.0,8.05,False,True,True,False,False,False,False,False,False,False,False,False,False,False,False,True,0
6,7.0,54.0,51.8625,False,False,True,False,False,False,False,False,False,False,False,False,False,False,False,True,0
7,8.0,2.0,21.075,False,True,True,False,False,True,False,False,True,False,False,False,False,False,False,True,0
8,9.0,27.0,11.1333,False,True,False,False,False,False,False,False,False,True,False,False,False,False,False,True,1
9,10.0,14.0,30.0708,True,False,False,True,False,False,False,False,False,False,False,False,False,False,False,False,1
10,11.0,4.0,16.7,False,True,False,True,False,False,False,False,True,False,False,False,False,False,False,True,1
11,12.0,58.0,26.55,False,False,False,False,False,False,False,False,False,False,False,False,False,False,False,True,1
12,13.0,20.0,8.05,False,True,True,False,False,False,False,False,False,False,False,False,False,False,False,True,0
13,14.0,39.0,31.275,False,True,True,True,False,False,False,False,False,False,False,False,True,False,False,True,0
14,15.0,14.0,7.8542,False,True,False,False,False,False,False,False,False,False,False,False,False,False,False,True,0
15,16.0,55.0,16.0,True,False,False,False,False,False,False,False,False,False,False,False,False,False,False,True,1
16,17.0,2.0,29.125,False,True,True,False,False,False,True,False,True,False,False,False,False,False,True,False,0
18,19.0,31.0,18.0,False,True,False,True,False,False,False,False,False,False,False,False,False,False,False,True,0
20,21.0,35.0,26.0,True,False,True,False,False,False,False,False,False,False,False,False,False,False,False,True,0
21,22.0,34.0,13.0,True,False,True,False,False,False,False,False,False,False,False,False,False,False,False,True,1
22,23.0,15.0,8.0292,False,True,False,False,False,False,False,False,False,False,False,False,False,False,True,False,1
23,24.0,28.0,35.5,False,False,True,False,False,False,False,False,False,False,False,False,False,False,False,True,1
24,25.0,8.0,21.075,False,True,False,False,False,True,False,False,True,False,False,False,False,False,False,True,0
25,26.0,38.0,31.3875,False,True,False,True,False,False,False,False,False,False,False,False,True,False,False,True,1
27,28.0,19.0,263.0,False,False,True,False,False,True,False,False,False,True,False,False,False,False,False,True,0
30,31.0,40.0,27.7208,False,False,True,False,False,False,False,False,False,False,False,False,False,False,False,False,0
33,34.0,66.0,10.5,True,False,True,False,False,False,False,False,False,False,False,False,False,False,False,True,0
34,35.0,28.0,82.1708,False,False,True,True,False,False,False,False,False,False,False,False,False,False,False,False,0
35,36.0,42.0,52.0,False,False,True,True,False,False,False,False,False,False,False,False,False,False,False,True,0
37,38.0,21.0,8.05,False,True,True,False,False,False,False,False,False,False,False,False,False,False,False,True,0
38,39.0,18.0,18.0,False,True,False,False,True,False,False,False,False,False,False,False,False,False,False,True,0
39,40.0,14.0,11.2417,False,True,False,True,False,False,False,False,False,False,False,False,False,False,False,False,1
40,41.0,40.0,9.475,False,True,False,True,False,False,False,False,False,False,False,False,False,False,False,True,0
41,42.0,27.0,21.0,True,False,False,True,False,False,False,False,False,False,False,False,False,False,False,True,0
43,44.0,3.0,41.5792,True,False,False,True,False,False,False,False,False,True,False,False,False,False,False,False,1
44,45.0,19.0,7.8792,False,True,False,False,False,False,False,False,False,False,False,False,False,False,True,False,1
49,50.0,18.0,17.8,False,True,False,True,False,False,False,False,False,False,False,False,False,False,False,True,0
50,51.0,7.0,39.6875,False,True,True,False,False,False,True,False,True,False,False,False,False,False,False,True,0
51,52.0,21.0,7.8,False,True,True,False,False,False,False,False,False,False,False,False,False,False,False,True,0
52,53.0,49.0,76.7292,False,False,False,True,False,False,False,False,False,False,False,False,False,False,False,False,1
53,54.0,29.0,26.0,True,False,False,True,False,False,False,False,False,False,False,False,False,False,False,True,1
54,55.0,65.0,61.9792,False,False,True,False,False,False,False,False,True,False,False,False,False,False,False,False,0
56,57.0,21.0,10.5,True,False,False,False,False,False,False,False,False,False,False,False,False,False,False,True,1
57,58.0,28.5,7.2292,False,True,True,False,False,False,False,False,False,False,False,False,False,False,False,False,0
58,59.0,5.0,27.75,True,False,False,True,False,False,False,False,False,True,False,False,False,False,False,True,1
59,60.0,11.0,46.9,False,True,True,False,False,False,False,True,False,True,False,False,False,False,False,True,0
60,61.0,22.0,7.2292,False,True,True,False,False,False,False,False,False,False,False,False,False,False,False,False,0
62,63.0,45.0,83.475,False,False,True,True,False,False,False,False,False,False,False,False,False,False,False,True,0
63,64.0,4.0,27.9,False,True,True,False,False,True,False,False,False,True,False,False,False,False,False,True,0
66,67.0,29.0,10.5,True,False,False,False,False,False,False,False,False,False,False,False,False,False,False,True,1
67,68.0,19.0,8.1583,False,True,True,False,False,False,False,False,False,False,False,False,False,False,False,True,0
68,69.0,17.0,7.925,False,True,False,False,False,False,True,False,False,True,False,False,False,False,False,True,1
69,70.0,26.0,8.6625,False,True,True,False,True,False,False,False,False,False,False,False,False,False,False,True,0
70,71.0,32.0,10.5,True,False,True,False,False,False,False,False,False,False,False,False,False,False,False,True,0
71,72.0,16.0,46.9,False,True,False,False,False,False,False,True,False,True,False,False,False,False,False,True,0
72,73.0,21.0,73.5,True,False,True,False,False,False,False,False,False,False,False,False,False,False,False,True,0
73,74.0,26.0,14.4542,False,True,True,True,False,False,False,False,False,False,False,False,False,False,False,False,0
74,75.0,32.0,56.4958,False,True,True,False,False,False,False,False,False,False,False,False,False,False,False,True,1
75,76.0,25.0,7.65,False,True,True,False,False,False,False,False,False,False,False,False,False,False,False,True,0
78,79.0,0.83,29.0,True,False,True,False,False,False,False,False,False,True,False,False,False,False,False,True,1
79,80.0,30.0,12.475,False,True,False,False,False,False,False,False,False,False,False,False,False,False,False,True,1
80,81.0,22.0,9.0,False,True,True,False,False,False,False,False,False,False,False,False,False,False,False,True,0
81,82.0,29.0,9.5,False,True,True,False,False,False,False,False,False,False,False,False,False,False,False,True,1
83,84.0,28.0,47.1,False,False,True,False,False,False,False,False,False,False,False,False,False,False,False,True,0
84,85.0,17.0,10.5,True,False,False,False,False,False,False,False,False,False,False,False,False,False,False,True,1
85,86.0,33.0,15.85,False,True,False,False,False,True,False,False,False,False,False,False,False,False,False,True,1
86,87.0,16.0,34.375,False,True,True,True,False,False,False,False,False,False,True,False,False,False,False,True,0
88,89.0,23.0,263.0,False,False,False,False,False,True,False,False,False,True,False,False,False,False,False,True,1
89,90.0,24.0,8.05,False,True,True,False,False,False,False,False,False,False,False,False,False,False,False,True,0
90,91.0,29.0,8.05,False,True,True,False,False,False,False,False,False,False,False,False,False,False,False,True,0
91,92.0,20.0,7.8542,False,True,True,False,False,False,False,False,False,False,False,False,False,False,False,True,0
92,93.0,46.0,61.175,False,False,True,True,False,False,False,False,False,False,False,False,False,False,False,True,0
93,94.0,26.0,20.575,False,True,True,True,False,False,False,False,False,True,False,False,False,False,False,True,0
94,95.0,59.0,7.25,False,True,True,False,False,False,False,False,False,False,False,False,False,False,False,True,0
96,97.0,71.0,34.6542,False,False,True,False,False,False,False,False,False,False,False,False,False,False,False,False,0
97,98.0,23.0,63.3583,False,False,True,False,False,False,False,False,True,False,False,False,False,False,False,False,1
98,99.0,34.0,23.0,True,False,False,False,False,False,False,False,True,False,False,False,False,False,False,True,1
99,100.0,34.0,26.0,True,False,True,True,False,False,False,False,False,False,False,False,False,False,False,True,0
100,101.0,28.0,7.8958,False,True,False,False,False,False,False,False,False,False,False,False,False,False,False,True,0
102,103.0,21.0,77.2875,False,False,True,False,False,False,False,False,True,False,False,False,False,False,False,True,0
103,104.0,33.0,8.6542,False,True,True,False,False,False,False,False,False,False,False,False,False,False,False,True,0
104,105.0,37.0,7.925,False,True,True,False,True,False,False,False,False,False,False,False,False,False,False,True,0
105,106.0,28.0,7.8958,False,True,True,False,False,False,False,False,False,False,False,False,False,False,False,True,0
106,107.0,21.0,7.65,False,True,False,False,False,False,False,False,False,False,False,False,False,False,False,True,1
108,109.0,38.0,7.8958,False,True,True,False,False,False,False,False,False,False,False,False,False,False,False,True,0
110,111.0,47.0,52.0,False,False,True,False,False,False,False,False,False,False,False,False,False,False,False,True,0
111,112.0,14.5,14.4542,False,True,False,True,False,False,False,False,False,False,False,False,False,False,False,False,0
112,113.0,22.0,8.05,False,True,True,False,False,False,False,False,False,False,False,False,False,False,False,True,0
113,114.0,20.0,9.825,False,True,False,True,False,False,False,False,False,False,False,False,False,False,False,True,0
114,115.0,17.0,14.4583,False,True,False,False,False,False,False,False,False,False,False,False,False,False,False,False,0
115,116.0,21.0,7.925,False,True,True,False,False,False,False,False,False,False,False,False,False,False,False,True,0
116,117.0,70.5,7.75,False,True,True,False,False,False,False,False,False,False,False,False,False,False,True,False,0
117,118.0,29.0,21.0,True,False,True,True,False,False,False,False,False,False,False,False,False,False,False,True,0
118,119.0,24.0,247.5208,False,False,True,False,False,False,False,False,True,False,False,False,False,False,False,False,0
119,120.0,2.0,31.275,False,True,False,False,False,False,True,False,False,True,False,False,False,False,False,True,0
120,121.0,21.0,73.5,True,False,True,False,True,False,False,False,False,False,False,False,False,False,False,True,0
122,123.0,32.5,30.0708,True,False,True,True,False,False,False,False,False,False,False,False,False,False,False,False,0
123,124.0,32.5,13.0,True,False,False,False,False,False,False,False,False,False,False,False,False,False,False,True,1
124,125.0,54.0,77.2875,False,False,True,False,False,False,False,False,True,False,False,False,False,False,False,True,0
125,126.0,12.0,11.2417,False,True,True,True,False,False,False,False,False,False,False,False,False,False,False,False,1
127,128.0,24.0,7.1417,False,True,True,False,False,False,False,False,False,False,False,False,False,False,False,True,1
129,130.0,45.0,6.975,False,True,True,False,False,False,False,False,False,False,False,False,False,False,False,True,0
130,131.0,33.0,7.8958,False,True,True,False,False,False,False,False,False,False,False,False,False,False,False,False,0
131,132.0,20.0,7.05,False,True,True,False,False,False,False,False,False,False,False,False,False,False,False,True,0
132,133.0,47.0,14.5,False,True,False,True,False,False,False,False,False,False,False,False,False,False,False,True,0
133,134.0,29.0,26.0,True,False,False,True,False,False,False,False,False,False,False,False,False,False,False,True,1
134,135.0,25.0,13.0,True,False,True,False,False,False,False,False,False,False,False,False,False,False,False,True,0
135,136.0,23.0,15.0458,True,False,True,False,False,False,False,False,False,False,False,False,False,False,False,False,0
136,137.0,19.0,26.2833,False,False,False,False,False,False,False,False,False,True,False,False,False,False,False,True,1
137,138.0,37.0,53.1,False,False,True,True,False,False,False,False,False,False,False,False,False,False,False,True,0
138,139.0,16.0,9.2167,False,True,True,False,False,False,False,False,False,False,False,False,False,False,False,True,0
139,140.0,24.0,79.2,False,False,True,False,False,False,False,False,False,False,False,False,False,False,False,False,0
141,142.0,22.0,7.75,False,True,False,False,False,False,False,False,False,False,False,False,False,False,False,True,1
142,143.0,24.0,15.85,False,True,False,True,False,False,False,False,False,False,False,False,False,False,False,True,1
143,144.0,19.0,6.75,False,True,True,False,False,False,False,False,False,False,False,False,False,False,True,False,0
144,145.0,18.0,11.5,True,False,True,False,False,False,False,False,False,False,False,False,False,False,False,True,0
145,146.0,19.0,36.75,True,False,True,True,False,False,False,False,True,False,False,False,False,False,False,True,0
146,147.0,27.0,7.7958,False,True,True,False,False,False,False,False,False,False,False,False,False,False,False,True,1
147,148.0,9.0,34.375,False,True,False,False,True,False,False,False,False,True,False,False,False,False,False,True,0
148,149.0,36.5,26.0,True,False,True,False,False,False,False,False,False,True,False,False,False,False,False,True,0
149,150.0,42.0,13.0,True,False,True,False,False,False,False,False,False,False,False,False,False,False,False,True,0
150,151.0,51.0,12.525,True,False,True,False,False,False,False,False,False,False,False,False,False,False,False,True,0
151,152.0,22.0,66.6,False,False,False,True,False,False,False,False,False,False,False,False,False,False,False,True,1
152,153.0,55.5,8.05,False,True,True,False,False,False,False,False,False,False,False,False,False,False,False,True,0
153,154.0,40.5,14.5,False,True,True,False,False,False,False,False,False,True,False,False,False,False,False,True,0
155,156.0,51.0,61.3792,False,False,True,False,False,False,False,False,True,False,False,False,False,False,False,False,0
156,157.0,16.0,7.7333,False,True,False,False,False,False,False,False,False,False,False,False,False,False,True,False,1
157,158.0,30.0,8.05,False,True,True,False,False,False,False,False,False,False,False,False,False,False,False,True,0
160,161.0,44.0,16.1,False,True,True,False,False,False,False,False,True,False,False,False,False,False,False,True,0
161,162.0,40.0,15.75,True,False,False,False,False,False,False,False,False,False,False,False,False,False,False,True,1
162,163.0,26.0,7.775,False,True,True,False,False,False,False,False,False,False,False,False,False,False,False,True,0
163,164.0,17.0,8.6625,False,True,True,False,False,False,False,False,False,False,False,False,False,False,False,True,0
164,165.0,1.0,39.6875,False,True,True,False,False,False,True,False,True,False,False,False,False,False,False,True,0
165,166.0,9.0,20.525,False,True,True,False,False,False,False,False,False,True,False,False,False,False,False,True,1
167,168.0,45.0,27.9,False,True,False,True,False,False,False,False,False,False,False,True,False,False,False,True,0
169,170.0,28.0,56.4958,False,True,True,False,False,False,False,False,False,False,False,False,False,False,False,True,0
170,171.0,61.0,33.5,False,False,True,False,False,False,False,False,False,False,False,False,False,False,False,True,0
171,172.0,4.0,29.125,False,True,True,False,False,False,True,False,True,False,False,False,False,False,True,False,0
172,173.0,1.0,11.1333,False,True,False,True,False,False,False,False,True,False,False,False,False,False,False,True,1
173,174.0,21.0,7.925,False,True,True,False,False,False,False,False,False,False,False,False,False,False,False,True,0
174,175.0,56.0,30.6958,False,False,True,False,False,False,False,False,False,False,False,False,False,False,False,False,0
175,176.0,18.0,7.8542,False,True,True,True,False,False,False,False,True,False,False,False,False,False,False,True,0
177,178.0,50.0,28.7125,False,False,False,False,False,False,False,False,False,False,False,False,False,False,False,False,0
178,179.0,30.0,13.0,True,False,True,False,False,False,False,False,False,False,False,False,False,False,False,True,0
179,180.0,36.0,0.0,False,True,True,False,False,False,False,False,False,False,False,False,False,False,False,True,0
182,183.0,9.0,31.3875,False,True,True,False,False,False,True,False,False,True,False,False,False,False,False,True,0
183,184.0,1.0,39.0,True,False,True,False,True,False,False,False,True,False,False,False,False,False,False,True,1
184,185.0,4.0,22.025,False,True,False,False,False,False,False,False,False,True,False,False,False,False,False,True,1
187,188.0,45.0,26.55,False,False,True,False,False,False,False,False,False,False,False,False,False,False,False,True,1
188,189.0,40.0,15.5,False,True,True,True,False,False,False,False,True,False,False,False,False,False,True,False,0
189,190.0,36.0,7.8958,False,True,True,False,False,False,False,False,False,False,False,False,False,False,False,True,0
190,191.0,32.0,13.0,True,False,False,False,False,False,False,False,False,False,False,False,False,False,False,True,1
191,192.0,19.0,13.0,True,False,True,False,False,False,False,False,False,False,False,False,False,False,False,True,0
192,193.0,19.0,7.8542,False,True,False,True,False,False,False,False,False,False,False,False,False,False,False,True,1
193,194.0,3.0,26.0,True,False,True,True,False,False,False,False,True,False,False,False,False,False,False,True,1
194,195.0,44.0,27.7208,False,False,False,False,False,False,False,False,False,False,False,False,False,False,False,False,1
195,196.0,58.0,146.5208,False,False,False,False,False,False,False,False,False,False,False,False,False,False,False,False,1
197,198.0,42.0,8.4042,False,True,True,False,False,False,False,False,True,False,False,False,False,False,False,True,0
199,200.0,24.0,13.0,True,False,False,False,False,False,False,False,False,False,False,False,False,False,False,True,0
200,201.0,28.0,9.5,False,True,True,False,False,False,False,False,False,False,False,False,False,False,False,True,0
202,203.0,34.0,6.4958,False,True,True,False,False,False,False,False,False,False,False,False,False,False,False,True,0
203,204.0,45.5,7.225,False,True,True,False,False,False,False,False,False,False,False,False,False,False,False,False,0
204,205.0,18.0,8.05,False,True,True,False,False,False,False,False,False,False,False,False,False,False,False,True,1
205,206.0,2.0,10.4625,False,True,False,False,False,False,False,False,True,False,False,False,False,False,False,True,0
206,207.0,32.0,15.85,False,True,True,True,False,False,False,False,False,False,False,False,False,False,False,True,0
207,208.0,26.0,18.7875,False,True,True,False,False,False,False,False,False,False,False,False,False,False,False,False,1
208,209.0,16.0,7.75,False,True,False,False,False,False,False,False,False,False,False,False,False,False,True,False,1
209,210.0,40.0,31.0,False,False,True,False,False,False,False,False,False,False,False,False,False,False,False,False,1
210,211.0,24.0,7.05,False,True,True,False,False,False,False,False,False,False,False,False,False,False,False,True,0
211,212.0,35.0,21.0,True,False,False,False,False,False,False,False,False,False,False,False,False,False,False,True,1
212,213.0,22.0,7.25,False,True,True,False,False,False,False,False,False,False,False,False,False,False,False,True,0
213,214.0,30.0,13.0,True,False,True,False,False,False,False,False,False,False,False,False,False,False,False,True,0
215,216.0,31.0,113.275,False,False,False,True,False,False,False,False,False,False,False,False,False,False,False,False,1
216,217.0,27.0,7.925,False,True,False,False,False,False,False,False,False,False,False,False,False,False,False,True,1
217,218.0,42.0,27.0,True,False,True,True,False,False,False,False,False,False,False,False,False,False,False,True,0
218,219.0,32.0,76.2917,False,False,False,False,False,False,False,False,False,False,False,False,False,False,False,False,1
219,220.0,30.0,10.5,True,False,True,False,False,False,False,False,False,False,False,False,False,False,False,True,0
220,221.0,16.0,8.05,False,True,True,False,False,False,False,False,False,False,False,False,False,False,False,True,1
221,222.0,27.0,13.0,True,False,True,False,False,False,False,False,False,False,False,False,False,False,False,True,0
222,223.0,51.0,8.05,False,True,True,False,False,False,False,False,False,False,False,False,False,False,False,True,0
224,225.0,38.0,90.0,False,False,True,True,False,False,False,False,False,False,False,False,False,False,False,True,1
225,226.0,22.0,9.35,False,True,True,False,False,False,False,False,False,False,False,False,False,False,False,True,0
226,227.0,19.0,10.5,True,False,True,False,False,False,False,False,False,False,False,False,False,False,False,True,1
227,228.0,20.5,7.25,False,True,True,False,False,False,False,False,False,False,False,False,False,False,False,True,0
228,229.0,18.0,13.0,True,False,True,False,False,False,False,False,False,False,False,False,False,False,False,True,0
230,231.0,35.0,83.475,False,False,False,True,False,False,False,False,False,False,False,False,False,False,False,True,1
231,232.0,29.0,7.775,False,True,True,False,False,False,False,False,False,False,False,False,False,False,False,True,0
232,233.0,59.0,13.5,True,False,True,False,False,False,False,False,False,False,False,False,False,False,False,True,0
233,234.0,5.0,31.3875,False,True,False,False,False,False,True,False,False,True,False,False,False,False,False,True,1
234,235.0,24.0,10.5,True,False,True,False,False,False,False,False,False,False,False,False,False,False,False,True,0
236,237.0,44.0,26.0,True,False,True,True,False,False,False,False,False,False,False,False,False,False,False,True,0
237,238.0,8.0,26.25,True,False,False,False,False,False,False,False,False,True,False,False,False,False,False,True,1
238,239.0,19.0,10.5,True,False,True,False,False,False,False,False,False,False,False,False,False,False,False,True,0
239,240.0,33.0,12.275,True,False,True,False,False,False,False,False,False,False,False,False,False,False,False,True,0
242,243.0,29.0,10.5,True,False,True,False,False,False,False,False,False,False,False,False,False,False,False,True,0
243,244.0,22.0,7.125,False,True,True,False,False,False,False,False,False,False,False,False,False,False,False,True,0
244,245.0,30.0,7.225,False,True,True,False,False,False,False,False,False,False,False,False,False,False,False,False,0
245,246.0,44.0,90.0,False,False,True,False,True,False,False,False,False,False,False,False,False,False,True,False,0
246,247.0,25.0,7.775,False,True,False,False,False,False,False,False,False,False,False,False,False,False,False,True,0
247,248.0,24.0,14.5,True,False,False,False,False,False,False,False,False,True,False,False,False,False,False,True,1
248,249.0,37.0,52.5542,False,False,True,True,False,False,False,False,True,False,False,False,False,False,False,True,1
249,250.0,54.0,26.0,True,False,True,True,False,False,False,False,False,False,False,False,False,False,False,True,0
251,252.0,29.0,10.4625,False,True,False,True,False,False,False,False,True,False,False,False,False,False,False,True,0
252,253.0,62.0,26.55,False,False,True,False,False,False,False,False,False,False,False,False,False,False,False,True,0
253,254.0,30.0,16.1,False,True,True,True,False,False,False,False,False,False,False,False,False,False,False,True,0
254,255.0,41.0,20.2125,False,True,False,False,False,False,False,False,False,True,False,False,False,False,False,True,0
255,256.0,29.0,15.2458,False,True,False,False,False,False,False,False,False,True,False,False,False,False,False,False,1
257,258.0,30.0,86.5,False,False,False,False,False,False,False,False,False,False,False,False,False,False,False,True,1
258,259.0,35.0,512.3292,False,False,False,False,False,False,False,False,False,False,False,False,False,False,False,False,1
259,260.0,50.0,26.0,True,False,False,False,False,False,False,False,True,False,False,False,False,False,False,True,1
261,262.0,3.0,31.3875,False,True,True,False,False,False,True,False,False,True,False,False,False,False,False,True,1
262,263.0,52.0,79.65,False,False,True,True,False,False,False,False,True,False,False,False,False,False,False,True,0
263,264.0,40.0,0.0,False,False,True,False,False,False,False,False,False,False,False,False,False,False,False,True,0
265,266.0,36.0,10.5,True,False,True,False,False,False,False,False,False,False,False,False,False,False,False,True,0
266,267.0,16.0,39.6875,False,True,True,False,False,False,True,False,True,False,False,False,False,False,False,True,0
267,268.0,25.0,7.775,False,True,True,True,False,False,False,False,False,False,False,False,False,False,False,True,1
268,269.0,58.0,153.4625,False,False,False,False,False,False,False,False,True,False,False,False,False,False,False,True,1
269,270.0,35.0,135.6333,False,False,False,False,False,False,False,False,False,False,False,False,False,False,False,True,1
271,272.0,25.0,0.0,False,True,True,False,False,False,False,False,False,False,False,False,False,False,False,True,1
272,273.0,41.0,19.5,True,False,False,False,False,False,False,False,True,False,False,False,False,False,False,True,1
273,274.0,37.0,29.7,False,False,True,False,False,False,False,False,True,False,False,False,False,False,False,False,0
275,276.0,63.0,77.9583,False,False,False,True,False,False,False,False,False,False,False,False,False,False,False,True,1
276,277.0,45.0,7.75,False,True,False,False,False,False,False,False,False,False,False,False,False,False,False,True,0
278,279.0,7.0,29.125,False,True,True,False,False,False,True,False,True,False,False,False,False,False,True,False,0
279,280.0,35.0,20.25,False,True,False,True,False,False,False,False,True,False,False,False,False,False,False,True,1
280,281.0,65.0,7.75,False,True,True,False,False,False,False,False,False,False,False,False,False,False,True,False,0
281,282.0,28.0,7.8542,False,True,True,False,False,False,False,False,False,False,False,False,False,False,False,True,0
282,283.0,16.0,9.5,False,True,True,False,False,False,False,False,False,False,False,False,False,False,False,True,0
283,284.0,19.0,8.05,False,True,True,False,False,False,False,False,False,False,False,False,False,False,False,True,1
285,286.0,33.0,8.6625,False,True,True,False,False,False,False,False,False,False,False,False,False,False,False,False,0
286,287.0,30.0,9.5,False,True,True,False,False,False,False,False,False,False,False,False,False,False,False,True,1
287,288.0,22.0,7.8958,False,True,True,False,False,False,False,False,False,False,False,False,False,False,False,True,0
288,289.0,42.0,13.0,True,False,True,False,False,False,False,False,False,False,False,False,False,False,False,True,1
289,290.0,22.0,7.75,False,True,False,False,False,False,False,False,False,False,False,False,False,False,True,False,1
290,291.0,26.0,78.85,False,False,False,False,False,False,False,False,False,False,False,False,False,False,False,True,1
291,292.0,19.0,91.0792,False,False,False,True,False,False,False,False,False,False,False,False,False,False,False,False,1
292,293.0,36.0,12.875,True,False,True,False,False,False,False,False,False,False,False,False,False,False,False,False,0
293,294.0,24.0,8.85,False,True,False,False,False,False,False,False,False,False,False,False,False,False,False,True,0
294,295.0,24.0,7.8958,False,True,True,False,False,False,False,False,False,False,False,False,False,False,False,True,0
296,297.0,23.5,7.2292,False,True,True,False,False,False,False,False,False,False,False,False,False,False,False,False,0
297,298.0,2.0,151.55,False,False,False,True,False,False,False,False,False,True,False,False,False,False,False,True,0
299,300.0,50.0,247.5208,False,False,False,False,False,False,False,False,True,False,False,False,False,False,False,False,1
302,303.0,19.0,0.0,False,True,True,False,False,False,False,False,False,False,False,False,False,False,False,True,0
305,306.0,0.92,151.55,False,False,True,True,False,False,False,False,False,True,False,False,False,False,False,True,1
307,308.0,17.0,108.9,False,False,False,True,False,False,False,False,False,False,False,False,False,False,False,False,1
308,309.0,30.0,24.0,True,False,True,True,False,False,False,False,False,False,False,False,False,False,False,False,0
309,310.0,30.0,56.9292,False,False,False,False,False,False,False,False,False,False,False,False,False,False,False,False,1
310,311.0,24.0,83.1583,False,False,False,False,False,False,False,False,False,False,False,False,False,False,False,False,1
311,312.0,18.0,262.375,False,False,False,False,True,False,False,False,False,True,False,False,False,False,False,False,1
312,313.0,26.0,26.0,True,False,False,True,False,False,False,False,True,False,False,False,False,False,False,True,0
313,314.0,28.0,7.8958,False,True,True,False,False,False,False,False,False,False,False,False,False,False,False,True,0
314,315.0,43.0,26.25,True,False,True,True,False,False,False,False,True,False,False,False,False,False,False,True,0
315,316.0,26.0,7.8542,False,True,False,False,False,False,False,False,False,False,False,False,False,False,False,True,1
316,317.0,24.0,26.0,True,False,False,True,False,False,False,False,False,False,False,False,False,False,False,True,1
317,318.0,54.0,14.0,True,False,True,False,False,False,False,False,False,False,False,False,False,False,False,True,0
318,319.0,31.0,164.8667,False,False,False,False,False,False,False,False,False,True,False,False,False,False,False,True,1
319,320.0,40.0,134.5,False,False,False,True,False,False,False,False,True,False,False,False,False,False,False,False,1
320,321.0,22.0,7.25,False,True,True,False,False,False,False,False,False,False,False,False,False,False,False,True,0
321,322.0,27.0,7.8958,False,True,True,False,False,False,False,False,False,False,False,False,False,False,False,True,0
322,323.0,30.0,12.35,True,False,False,False,False,False,False,False,False,False,False,False,False,False,True,False,1
323,324.0,22.0,29.0,True,False,False,True,False,False,False,False,True,False,False,False,False,False,False,True,1
325,326.0,36.0,135.6333,False,False,False,False,False,False,False,False,False,False,False,False,False,False,False,False,1
326,327.0,61.0,6.2375,False,True,True,False,False,False,False,False,False,False,False,False,False,False,False,True,0
327,328.0,36.0,13.0,True,False,False,False,False,False,False,False,False,False,False,False,False,False,False,True,1
328,329.0,31.0,20.525,False,True,False,True,False,False,False,False,True,False,False,False,False,False,False,True,1
329,330.0,16.0,57.9792,False,False,False,False,False,False,False,False,True,False,False,False,False,False,False,False,1
331,332.0,45.5,28.5,False,False,True,False,False,False,False,False,False,False,False,False,False,False,False,True,0
332,333.0,38.0,153.4625,False,False,True,False,False,False,False,False,True,False,False,False,False,False,False,True,0
333,334.0,16.0,18.0,False,True,True,False,True,False,False,False,False,False,False,False,False,False,False,True,0
336,337.0,29.0,66.6,False,False,True,True,False,False,False,False,False,False,False,False,False,False,False,True,0
337,338.0,41.0,134.5,False,False,False,False,False,False,False,False,False,False,False,False,False,False,False,False,1
338,339.0,45.0,8.05,False,True,True,False,False,False,False,False,False,False,False,False,False,False,False,True,1
339,340.0,45.0,35.5,False,False,True,False,False,False,False,False,False,False,False,False,False,False,False,True,0
340,341.0,2.0,26.0,True,False,True,True,False,False,False,False,True,False,False,False,False,False,False,True,1
341,342.0,24.0,263.0,False,False,False,False,False,True,False,False,False,True,False,False,False,False,False,True,1
342,343.0,28.0,13.0,True,False,True,False,False,False,False,False,False,False,False,False,False,False,False,True,0
343,344.0,25.0,13.0,True,False,True,False,False,False,False,False,False,False,False,False,False,False,False,True,0
344,345.0,36.0,13.0,True,False,True,False,False,False,False,False,False,False,False,False,False,False,False,True,0
345,346.0,24.0,13.0,True,False,False,False,False,False,False,False,False,False,False,False,False,False,False,True,1
346,347.0,40.0,13.0,True,False,False,False,False,False,False,False,False,False,False,False,False,False,False,True,1
348,349.0,3.0,15.9,False,True,True,True,False,False,False,False,True,False,False,False,False,False,False,True,1
349,350.0,42.0,8.6625,False,True,True,False,False,False,False,False,False,False,False,False,False,False,False,True,0
350,351.0,23.0,9.225,False,True,True,False,False,False,False,False,False,False,False,False,False,False,False,True,0
352,353.0,15.0,7.2292,False,True,True,True,False,False,False,False,True,False,False,False,False,False,False,False,0
353,354.0,25.0,17.8,False,True,True,True,False,False,False,False,False,False,False,False,False,False,False,True,0
355,356.0,28.0,9.5,False,True,True,False,False,False,False,False,False,False,False,False,False,False,False,True,0
356,357.0,22.0,55.0,False,False,False,False,False,False,False,False,True,False,False,False,False,False,False,True,1
357,358.0,38.0,13.0,True,False,False,False,False,False,False,False,False,False,False,False,False,False,False,True,0
360,361.0,40.0,27.9,False,True,True,True,False,False,False,False,False,False,False,True,False,False,False,True,0
361,362.0,29.0,27.7208,True,False,True,True,False,False,False,False,False,False,False,False,False,False,False,False,0
362,363.0,45.0,14.4542,False,True,False,False,False,False,False,False,True,False,False,False,False,False,False,False,0
363,364.0,35.0,7.05,False,True,True,False,False,False,False,False,False,False,False,False,False,False,False,True,0
365,366.0,30.0,7.25,False,True,True,False,False,False,False,False,False,False,False,False,False,False,False,True,0
366,367.0,60.0,75.25,False,False,False,True,False,False,False,False,False,False,False,False,False,False,False,False,1
369,370.0,24.0,69.3,False,False,False,False,False,False,False,False,False,False,False,False,False,False,False,False,1
370,371.0,25.0,55.4417,False,False,True,True,False,False,False,False,False,False,False,False,False,False,False,False,1
371,372.0,18.0,6.4958,False,True,True,True,False,False,False,False,False,False,False,False,False,False,False,True,0
372,373.0,19.0,8.05,False,True,True,False,False,False,False,False,False,False,False,False,False,False,False,True,0
373,374.0,22.0,135.6333,False,False,True,False,False,False,False,False,False,False,False,False,False,False,False,False,0
374,375.0,3.0,21.075,False,True,False,False,False,True,False,False,True,False,False,False,False,False,False,True,0
376,377.0,22.0,7.25,False,True,False,False,False,False,False,False,False,False,False,False,False,False,False,True,1
377,378.0,27.0,211.5,False,False,True,False,False,False,False,False,False,True,False,False,False,False,False,False,0
378,379.0,20.0,4.0125,False,True,True,False,False,False,False,False,False,False,False,False,False,False,False,False,0
379,380.0,19.0,7.775,False,True,True,False,False,False,False,False,False,False,False,False,False,False,False,True,0
380,381.0,42.0,227.525,False,False,False,False,False,False,False,False,False,False,False,False,False,False,False,False,1
381,382.0,1.0,15.7417,False,True,False,False,False,False,False,False,False,True,False,False,False,False,False,False,1
382,383.0,32.0,7.925,False,True,True,False,False,False,False,False,False,False,False,False,False,False,False,True,0
383,384.0,35.0,52.0,False,False,False,True,False,False,False,False,False,False,False,False,False,False,False,True,1
385,386.0,18.0,73.5,True,False,True,False,False,False,False,False,False,False,False,False,False,False,False,True,0
386,387.0,1.0,46.9,False,True,True,False,False,False,False,True,False,True,False,False,False,False,False,True,0
387,388.0,36.0,13.0,True,False,False,False,False,False,False,False,False,False,False,False,False,False,False,True,1
389,390.0,17.0,12.0,True,False,False,False,False,False,False,False,False,False,False,False,False,False,False,False,1
390,391.0,36.0,120.0,False,False,True,True,False,False,False,False,False,True,False,False,False,False,False,True,1
391,392.0,21.0,7.7958,False,True,True,False,False,False,False,False,False,False,False,False,False,False,False,True,1
392,393.0,28.0,7.925,False,True,True,False,True,False,False,False,False,False,False,False,False,False,False,True,0
393,394.0,23.0,113.275,False,False,False,True,False,False,False,False,False,False,False,False,False,False,False,False,1
394,395.0,24.0,16.7,False,True,False,False,False,False,False,False,False,True,False,False,False,False,False,True,1
395,396.0,22.0,7.7958,False,True,True,False,False,False,False,False,False,False,False,False,False,False,False,True,0
396,397.0,31.0,7.8542,False,True,False,False,False,False,False,False,False,False,False,False,False,False,False,True,0
397,398.0,46.0,26.0,True,False,True,False,False,False,False,False,False,False,False,False,False,False,False,True,0
398,399.0,23.0,10.5,True,False,True,False,False,False,False,False,False,False,False,False,False,False,False,True,0
399,400.0,28.0,12.65,True,False,False,False,False,False,False,False,False,False,False,False,False,False,False,True,1
400,401.0,39.0,7.925,False,True,True,False,False,False,False,False,False,False,False,False,False,False,False,True,1
401,402.0,26.0,8.05,False,True,True,False,False,False,False,False,False,False,False,False,False,False,False,True,0
402,403.0,21.0,9.825,False,True,False,True,False,False,False,False,False,False,False,False,False,False,False,True,0
403,404.0,28.0,15.85,False,True,True,True,False,False,False,False,False,False,False,False,False,False,False,True,0
404,405.0,20.0,8.6625,False,True,False,False,False,False,False,False,False,False,False,False,False,False,False,True,0
405,406.0,34.0,21.0,True,False,True,True,False,False,False,False,False,False,False,False,False,False,False,True,0
406,407.0,51.0,7.75,False,True,True,False,False,False,False,False,False,False,False,False,False,False,False,True,0
407,408.0,3.0,18.75,True,False,True,True,False,False,False,False,True,False,False,False,False,False,False,True,1
408,409.0,21.0,7.775,False,True,True,False,False,False,False,False,False,False,False,False,False,False,False,True,0
412,413.0,33.0,90.0,False,False,False,True,False,False,False,False,False,False,False,False,False,False,True,False,1
414,415.0,44.0,7.925,False,True,True,False,False,False,False,False,False,False,False,False,False,False,False,True,1
416,417.0,34.0,32.5,True,False,False,True,False,False,False,False,True,False,False,False,False,False,False,True,1
417,418.0,18.0,13.0,True,False,False,False,False,False,False,False,False,True,False,False,False,False,False,True,1
418,419.0,30.0,13.0,True,False,True,False,False,False,False,False,False,False,False,False,False,False,False,True,0
419,420.0,10.0,24.15,False,True,False,False,False,False,False,False,False,True,False,False,False,False,False,True,0
421,422.0,21.0,7.7333,False,True,True,False,False,False,False,False,False,False,False,False,False,False,True,False,0
422,423.0,29.0,7.875,False,True,True,False,False,False,False,False,False,False,False,False,False,False,False,True,0
423,424.0,28.0,14.4,False,True,False,True,False,False,False,False,True,False,False,False,False,False,False,True,0
424,425.0,18.0,20.2125,False,True,True,True,False,False,False,False,True,False,False,False,False,False,False,True,0
426,427.0,28.0,26.0,True,False,False,True,False,False,False,False,False,False,False,False,False,False,False,True,1
427,428.0,19.0,26.0,True,False,False,False,False,False,False,False,False,False,False,False,False,False,False,True,1
429,430.0,32.0,8.05,False,True,True,False,False,False,False,False,False,False,False,False,False,False,False,True,1
430,431.0,28.0,26.55,False,False,True,False,False,False,False,False,False,False,False,False,False,False,False,True,1
432,433.0,42.0,26.0,True,False,False,True,False,False,False,False,False,False,False,False,False,False,False,True,1
433,434.0,17.0,7.125,False,True,True,False,False,False,False,False,False,False,False,False,False,False,False,True,0
434,435.0,50.0,55.9,False,False,True,True,False,False,False,False,False,False,False,False,False,False,False,True,0
435,436.0,14.0,120.0,False,False,False,True,False,False,False,False,False,True,False,False,False,False,False,True,1
436,437.0,21.0,34.375,False,True,False,False,True,False,False,False,False,True,False,False,False,False,False,True,0
437,438.0,24.0,18.75,True,False,False,False,True,False,False,False,False,False,True,False,False,False,False,True,1
438,439.0,64.0,263.0,False,False,True,True,False,False,False,False,False,False,False,True,False,False,False,True,0
439,440.0,31.0,10.5,True,False,True,False,False,False,False,False,False,False,False,False,False,False,False,True,0
440,441.0,45.0,26.25,True,False,False,True,False,False,False,False,True,False,False,False,False,False,False,True,1
441,442.0,20.0,9.5,False,True,True,False,False,False,False,False,False,False,False,False,False,False,False,True,0
442,443.0,25.0,7.775,False,True,True,True,False,False,False,False,False,False,False,False,False,False,False,True,0
443,444.0,28.0,13.0,True,False,False,False,False,False,False,False,False,False,False,False,False,False,False,True,1
445,446.0,4.0,81.8583,False,False,True,False,False,False,False,False,False,True,False,False,False,False,False,True,1
446,447.0,13.0,19.5,True,False,False,False,False,False,False,False,True,False,False,False,False,False,False,True,1
447,448.0,34.0,26.55,False,False,True,False,False,False,False,False,False,False,False,False,False,False,False,True,1
448,449.0,5.0,19.2583,False,True,False,False,True,False,False,False,True,False,False,False,False,False,False,False,1
449,450.0,52.0,30.5,False,False,True,False,False,False,False,False,False,False,False,False,False,False,False,True,1
450,451.0,36.0,27.75,True,False,True,True,False,False,False,False,False,True,False,False,False,False,False,True,0
452,453.0,30.0,27.75,False,False,True,False,False,False,False,False,False,False,False,False,False,False,False,False,0
453,454.0,49.0,89.1042,False,False,True,True,False,False,False,False,False,False,False,False,False,False,False,False,1
455,456.0,29.0,7.8958,False,True,True,False,False,False,False,False,False,False,False,False,False,False,False,False,1
456,457.0,65.0,26.55,False,False,True,False,False,False,False,False,False,False,False,False,False,False,False,True,0
458,459.0,50.0,10.5,True,False,False,False,False,False,False,False,False,False,False,False,False,False,False,True,1
460,461.0,48.0,26.55,False,False,True,False,False,False,False,False,False,False,False,False,False,False,False,True,1
461,462.0,34.0,8.05,False,True,True,False,False,False,False,False,False,False,False,False,False,False,False,True,0
462,463.0,47.0,38.5,False,False,True,False,False,False,False,False,False,False,False,False,False,False,False,True,0
463,464.0,48.0,13.0,True,False,True,False,False,False,False,False,False,False,False,False,False,False,False,True,0
465,466.0,38.0,7.05,False,True,True,False,False,False,False,False,False,False,False,False,False,False,False,True,0
467,468.0,56.0,26.55,False,False,True,False,False,False,False,False,False,False,False,False,False,False,False,True,0
469,470.0,0.75,19.2583,False,True,False,False,True,False,False,False,True,False,False,False,False,False,False,False,1
471,472.0,38.0,8.6625,False,True,True,False,False,False,False,False,False,False,False,False,False,False,False,True,0
472,473.0,33.0,27.75,True,False,False,True,False,False,False,False,False,True,False,False,False,False,False,True,1
473,474.0,23.0,13.7917,True,False,False,False,False,False,False,False,False,False,False,False,False,False,False,False,1
474,475.0,22.0,9.8375,False,True,False,False,False,False,False,False,False,False,False,False,False,False,False,True,0
476,477.0,34.0,21.0,True,False,True,True,False,False,False,False,False,False,False,False,False,False,False,True,0
477,478.0,29.0,7.0458,False,True,True,True,False,False,False,False,False,False,False,False,False,False,False,True,0
478,479.0,22.0,7.5208,False,True,True,False,False,False,False,False,False,False,False,False,False,False,False,True,0
479,480.0,2.0,12.2875,False,True,False,False,False,False,False,False,True,False,False,False,False,False,False,True,1
480,481.0,9.0,46.9,False,True,True,False,False,False,False,True,False,True,False,False,False,False,False,True,0
482,483.0,50.0,8.05,False,True,True,False,False,False,False,False,False,False,False,False,False,False,False,True,0
483,484.0,63.0,9.5875,False,True,False,False,False,False,False,False,False,False,False,False,False,False,False,True,1
484,485.0,25.0,91.0792,False,False,True,True,False,False,False,False,False,False,False,False,False,False,False,False,1
486,487.0,35.0,90.0,False,False,False,True,False,False,False,False,False,False,False,False,False,False,False,True,1
487,488.0,58.0,29.7,False,False,True,False,False,False,False,False,False,False,False,False,False,False,False,False,0
488,489.0,30.0,8.05,False,True,True,False,False,False,False,False,False,False,False,False,False,False,False,True,0
489,490.0,9.0,15.9,False,True,True,True,False,False,False,False,True,False,False,False,False,False,False,True,1
491,492.0,21.0,7.25,False,True,True,False,False,False,False,False,False,False,False,False,False,False,False,True,0
492,493.0,55.0,30.5,False,False,True,False,False,False,False,False,False,False,False,False,False,False,False,True,0
493,494.0,71.0,49.5042,False,False,True,False,False,False,False,False,False,False,False,False,False,False,False,False,0
494,495.0,21.0,8.05,False,True,True,False,False,False,False,False,False,False,False,False,False,False,False,True,0
496,497.0,54.0,78.2667,False,False,False,True,False,False,False,False,False,False,False,False,False,False,False,False,1
498,499.0,25.0,151.55,False,False,False,True,False,False,False,False,False,True,False,False,False,False,False,True,0
499,500.0,24.0,7.7958,False,True,True,False,False,False,False,False,False,False,False,False,False,False,False,True,0
500,501.0,17.0,8.6625,False,True,True,False,False,False,False,False,False,False,False,False,False,False,False,True,0
501,502.0,21.0,7.75,False,True,False,False,False,False,False,False,False,False,False,False,False,False,True,False,0
503,504.0,37.0,9.5875,False,True,False,False,False,False,False,False,False,False,False,False,False,False,False,True,0
504,505.0,16.0,86.5,False,False,False,False,False,False,False,False,False,False,False,False,False,False,False,True,1
505,506.0,18.0,108.9,False,False,True,True,False,False,False,False,False,False,False,False,False,False,False,False,0
506,507.0,33.0,26.0,True,False,False,False,False,False,False,False,False,True,False,False,False,False,False,True,1
508,509.0,28.0,22.525,False,True,True,False,False,False,False,False,False,False,False,False,False,False,False,True,0
509,510.0,26.0,56.4958,False,True,True,False,False,False,False,False,False,False,False,False,False,False,False,True,1
510,511.0,29.0,7.75,False,True,True,False,False,False,False,False,False,False,False,False,False,False,True,False,1
512,513.0,36.0,26.2875,False,False,True,False,False,False,False,False,False,False,False,False,False,False,False,True,1
513,514.0,54.0,59.4,False,False,False,True,False,False,False,False,False,False,False,False,False,False,False,False,1
514,515.0,24.0,7.4958,False,True,True,False,False,False,False,False,False,False,False,False,False,False,False,True,0
515,516.0,47.0,34.0208,False,False,True,False,False,False,False,False,False,False,False,False,False,False,False,True,0
516,517.0,34.0,10.5,True,False,False,False,False,False,False,False,False,False,False,False,False,False,False,True,1
518,519.0,36.0,26.0,True,False,False,True,False,False,False,False,False,False,False,False,False,False,False,True,1
519,520.0,32.0,7.8958,False,True,True,False,False,False,False,False,False,False,False,False,False,False,False,True,0
520,521.0,30.0,93.5,False,False,False,False,False,False,False,False,False,False,False,False,False,False,False,True,1
521,522.0,22.0,7.8958,False,True,True,False,False,False,False,False,False,False,False,False,False,False,False,True,0
523,524.0,44.0,57.9792,False,False,False,False,False,False,False,False,True,False,False,False,False,False,False,False,1
525,526.0,40.5,7.75,False,True,True,False,False,False,False,False,False,False,False,False,False,False,True,False,0
526,527.0,50.0,10.5,True,False,False,False,False,False,False,False,False,False,False,False,False,False,False,True,1
528,529.0,39.0,7.925,False,True,True,False,False,False,False,False,False,False,False,False,False,False,False,True,0
529,530.0,23.0,11.5,True,False,True,False,True,False,False,False,True,False,False,False,False,False,False,True,0
530,531.0,2.0,26.0,True,False,False,True,False,False,False,False,True,False,False,False,False,False,False,True,1
532,533.0,17.0,7.2292,False,True,True,True,False,False,False,False,True,False,False,False,False,False,False,False,0
534,535.0,30.0,8.6625,False,True,False,False,False,False,False,False,False,False,False,False,False,False,False,True,0
535,536.0,7.0,26.25,True,False,False,False,False,False,False,False,False,True,False,False,False,False,False,True,1
536,537.0,45.0,26.55,False,False,True,False,False,False,False,False,False,False,False,False,False,False,False,True,0
537,538.0,30.0,106.425,False,False,False,False,False,False,False,False,False,False,False,False,False,False,False,False,1
539,540.0,22.0,49.5,False,False,False,False,False,False,False,False,False,True,False,False,False,False,False,False,1
540,541.0,36.0,71.0,False,False,False,False,False,False,False,False,False,True,False,False,False,False,False,True,1
541,542.0,9.0,31.275,False,True,False,False,False,False,True,False,False,True,False,False,False,False,False,True,0
542,543.0,11.0,31.275,False,True,False,False,False,False,True,False,False,True,False,False,False,False,False,True,0
543,544.0,32.0,26.0,True,False,True,True,False,False,False,False,False,False,False,False,False,False,False,True,1
544,545.0,50.0,106.425,False,False,True,True,False,False,False,False,False,False,False,False,False,False,False,False,0
545,546.0,64.0,26.0,False,False,True,False,False,False,False,False,False,False,False,False,False,False,False,True,0
546,547.0,19.0,26.0,True,False,False,True,False,False,False,False,False,False,False,False,False,False,False,True,1
548,549.0,33.0,20.525,False,True,True,True,False,False,False,False,True,False,False,False,False,False,False,True,0
549,550.0,8.0,36.75,True,False,True,True,False,False,False,False,True,False,False,False,False,False,False,True,1
550,551.0,17.0,110.8833,False,False,True,False,False,False,False,False,False,True,False,False,False,False,False,False,1
551,552.0,27.0,26.0,True,False,True,False,False,False,False,False,False,False,False,False,False,False,False,True,0
553,554.0,22.0,7.225,False,True,True,False,False,False,False,False,False,False,False,False,False,False,False,False,1
554,555.0,22.0,7.775,False,True,False,False,False,False,False,False,False,False,False,False,False,False,False,True,1
555,556.0,62.0,26.55,False,False,True,False,False,False,False,False,False,False,False,False,False,False,False,True,0
556,557.0,48.0,39.6,False,False,False,True,False,False,False,False,False,False,False,False,False,False,False,False,1
558,559.0,39.0,79.65,False,False,False,True,False,False,False,False,True,False,False,False,False,False,False,True,1
559,560.0,36.0,17.4,False,True,False,True,False,False,False,False,False,False,False,False,False,False,False,True,1
561,562.0,40.0,7.8958,False,True,True,False,False,False,False,False,False,False,False,False,False,False,False,True,0
562,563.0,28.0,13.5,True,False,True,False,False,False,False,False,False,False,False,False,False,False,False,True,0
565,566.0,24.0,24.15,False,True,True,False,True,False,False,False,False,False,False,False,False,False,False,True,0
566,567.0,19.0,7.8958,False,True,True,False,False,False,False,False,False,False,False,False,False,False,False,True,0
567,568.0,29.0,21.075,False,True,False,False,False,False,False,False,False,False,False,True,False,False,False,True,0
569,570.0,32.0,7.8542,False,True,True,False,False,False,False,False,False,False,False,False,False,False,False,True,1
570,571.0,62.0,10.5,True,False,True,False,False,False,False,False,False,False,False,False,False,False,False,True,1
571,572.0,53.0,51.4792,False,False,False,False,True,False,False,False,False,False,False,False,False,False,False,True,1
572,573.0,36.0,26.3875,False,False,True,False,False,False,False,False,False,False,False,False,False,False,False,True,1
574,575.0,16.0,8.05,False,True,True,False,False,False,False,False,False,False,False,False,False,False,False,True,0
575,576.0,19.0,14.5,False,True,True,False,False,False,False,False,False,False,False,False,False,False,False,True,0
576,577.0,34.0,13.0,True,False,False,False,False,False,False,False,False,False,False,False,False,False,False,True,1
577,578.0,39.0,55.9,False,False,False,True,False,False,False,False,False,False,False,False,False,False,False,True,1
579,580.0,32.0,7.925,False,True,True,False,False,False,False,False,False,False,False,False,False,False,False,True,1
580,581.0,25.0,30.0,True,False,False,True,False,False,False,False,True,False,False,False,False,False,False,True,1
581,582.0,39.0,110.8833,False,False,False,True,False,False,False,False,True,False,False,False,False,False,False,False,1
582,583.0,54.0,26.0,True,False,True,False,False,False,False,False,False,False,False,False,False,False,False,True,0
583,584.0,36.0,40.125,False,False,True,False,False,False,False,False,False,False,False,False,False,False,False,False,0
585,586.0,18.0,79.65,False,False,False,False,False,False,False,False,False,True,False,False,False,False,False,True,1
586,587.0,47.0,15.0,True,False,True,False,False,False,False,False,False,False,False,False,False,False,False,True,0
587,588.0,60.0,79.2,False,False,True,True,False,False,False,False,True,False,False,False,False,False,False,False,1
588,589.0,22.0,8.05,False,True,True,False,False,False,False,False,False,False,False,False,False,False,False,True,0
590,591.0,35.0,7.125,False,True,True,False,False,False,False,False,False,False,False,False,False,False,False,True,0
591,592.0,52.0,78.2667,False,False,False,True,False,False,False,False,False,False,False,False,False,False,False,False,1
592,593.0,47.0,7.25,False,True,True,False,False,False,False,False,False,False,False,False,False,False,False,True,0
594,595.0,37.0,26.0,True,False,True,True,False,False,False,False,False,False,False,False,False,False,False,True,0
595,596.0,36.0,24.15,False,True,True,True,False,False,False,False,True,False,False,False,False,False,False,True,0
597,598.0,49.0,0.0,False,True,True,False,False,False,False,False,False,False,False,False,False,False,False,True,0
599,600.0,49.0,56.9292,False,False,True,True,False,False,False,False,False,False,False,False,False,False,False,False,1
600,601.0,24.0,27.0,True,False,False,False,True,False,False,False,True,False,False,False,False,False,False,True,1
603,604.0,44.0,8.05,False,True,True,False,False,False,False,False,False,False,False,False,False,False,False,True,0
604,605.0,35.0,26.55,False,False,True,False,False,False,False,False,False,False,False,False,False,False,False,False,1
605,606.0,36.0,15.55,False,True,True,True,False,False,False,False,False,False,False,False,False,False,False,True,0
606,607.0,30.0,7.8958,False,True,True,False,False,False,False,False,False,False,False,False,False,False,False,True,0
607,608.0,27.0,30.5,False,False,True,False,False,False,False,False,False,False,False,False,False,False,False,True,1
608,609.0,22.0,41.5792,True,False,False,True,False,False,False,False,False,True,False,False,False,False,False,False,1
609,610.0,40.0,153.4625,False,False,False,False,False,False,False,False,False,False,False,False,False,False,False,True,1
610,611.0,39.0,31.275,False,True,False,True,False,False,False,False,False,False,False,False,True,False,False,True,0
614,615.0,35.0,8.05,False,True,True,False,False,False,False,False,False,False,False,False,False,False,False,True,0
615,616.0,24.0,65.0,True,False,False,True,False,False,False,False,False,True,False,False,False,False,False,True,1
616,617.0,34.0,14.4,False,True,True,True,False,False,False,False,True,False,False,False,False,False,False,True,0
617,618.0,26.0,16.1,False,True,False,True,False,False,False,False,False,False,False,False,False,False,False,True,0
618,619.0,4.0,39.0,True,False,False,False,True,False,False,False,True,False,False,False,False,False,False,True,1
619,620.0,26.0,10.5,True,False,True,False,False,False,False,False,False,False,False,False,False,False,False,True,0
620,621.0,27.0,14.4542,False,True,True,True,False,False,False,False,False,False,False,False,False,False,False,False,0
621,622.0,42.0,52.5542,False,False,True,True,False,False,False,False,False,False,False,False,False,False,False,True,1
622,623.0,20.0,15.7417,False,True,True,True,False,False,False,False,True,False,False,False,False,False,False,False,1
623,624.0,21.0,7.8542,False,True,True,False,False,False,False,False,False,False,False,False,False,False,False,True,0
624,625.0,21.0,16.1,False,True,True,False,False,False,False,False,False,False,False,False,False,False,False,True,0
625,626.0,61.0,32.3208,False,False,True,False,False,False,False,False,False,False,False,False,False,False,False,True,0
626,627.0,57.0,12.35,True,False,True,False,False,False,False,False,False,False,False,False,False,False,True,False,0
627,628.0,21.0,77.9583,False,False,False,False,False,False,False,False,False,False,False,False,False,False,False,True,1
628,629.0,26.0,7.8958,False,True,True,False,False,False,False,False,False,False,False,False,False,False,False,True,0
630,631.0,80.0,30.0,False,False,True,False,False,False,False,False,False,False,False,False,False,False,False,True,1
631,632.0,51.0,7.0542,False,True,True,False,False,False,False,False,False,False,False,False,False,False,False,True,0
632,633.0,32.0,30.5,False,False,True,False,False,False,False,False,False,False,False,False,False,False,False,False,1
634,635.0,9.0,27.9,False,True,False,False,False,True,False,False,False,True,False,False,False,False,False,True,0
635,636.0,28.0,13.0,True,False,False,False,False,False,False,False,False,False,False,False,False,False,False,True,1
636,637.0,32.0,7.925,False,True,True,False,False,False,False,False,False,False,False,False,False,False,False,True,0
637,638.0,31.0,26.25,True,False,True,True,False,False,False,False,True,False,False,False,False,False,False,True,0
638,639.0,41.0,39.6875,False,True,False,False,False,False,False,False,False,False,False,False,True,False,False,True,0
640,641.0,20.0,7.8542,False,True,True,False,False,False,False,False,False,False,False,False,False,False,False,True,0
641,642.0,24.0,69.3,False,False,False,False,False,False,False,False,False,False,False,False,False,False,False,False,1
642,643.0,2.0,27.9,False,True,False,False,False,True,False,False,False,True,False,False,False,False,False,True,0
644,645.0,0.75,19.2583,False,True,False,False,True,False,False,False,True,False,False,False,False,False,False,False,1
645,646.0,48.0,76.7292,False,False,True,True,False,False,False,False,False,False,False,False,False,False,False,False,1
646,647.0,19.0,7.8958,False,True,True,False,False,False,False,False,False,False,False,False,False,False,False,True,0
647,648.0,56.0,35.5,False,False,True,False,False,False,False,False,False,False,False,False,False,False,False,False,1
649,650.0,23.0,7.55,False,True,False,False,False,False,False,False,False,False,False,False,False,False,False,True,1
651,652.0,18.0,23.0,True,False,False,False,False,False,False,False,True,False,False,False,False,False,False,True,1
652,653.0,21.0,8.4333,False,True,True,False,False,False,False,False,False,False,False,False,False,False,False,True,0
654,655.0,18.0,6.75,False,True,False,False,False,False,False,False,False,False,False,False,False,False,True,False,0
655,656.0,24.0,73.5,True,False,True,False,True,False,False,False,False,False,False,False,False,False,False,True,0
657,658.0,32.0,15.5,False,True,False,True,False,False,False,False,True,False,False,False,False,False,True,False,0
658,659.0,23.0,13.0,True,False,True,False,False,False,False,False,False,False,False,False,False,False,False,True,0
659,660.0,58.0,113.275,False,False,True,False,False,False,False,False,False,True,False,False,False,False,False,False,0
660,661.0,50.0,133.65,False,False,True,False,True,False,False,False,False,False,False,False,False,False,False,True,1
661,662.0,40.0,7.225,False,True,True,False,False,False,False,False,False,False,False,False,False,False,False,False,0
662,663.0,47.0,25.5875,False,False,True,False,False,False,False,False,False,False,False,False,False,False,False,True,0
663,664.0,36.0,7.4958,False,True,True,False,False,False,False,False,False,False,False,False,False,False,False,True,0
664,665.0,20.0,7.925,False,True,True,True,False,False,False,False,False,False,False,False,False,False,False,True,1
665,666.0,32.0,73.5,True,False,True,False,True,False,False,False,False,False,False,False,False,False,False,True,0
666,667.0,25.0,13.0,True,False,True,False,False,False,False,False,False,False,False,False,False,False,False,True,0
668,669.0,43.0,8.05,False,True,True,False,False,False,False,False,False,False,False,False,False,False,False,True,0
670,671.0,40.0,39.0,True,False,False,True,False,False,False,False,True,False,False,False,False,False,False,True,1
671,672.0,31.0,52.0,False,False,True,True,False,False,False,False,False,False,False,False,False,False,False,True,0
672,673.0,70.0,10.5,True,False,True,False,False,False,False,False,False,False,False,False,False,False,False,True,0
673,674.0,31.0,13.0,True,False,True,False,False,False,False,False,False,False,False,False,False,False,False,True,1
675,676.0,18.0,7.775,False,True,True,False,False,False,False,False,False,False,False,False,False,False,False,True,0
676,677.0,24.5,8.05,False,True,True,False,False,False,False,False,False,False,False,False,False,False,False,True,0
677,678.0,18.0,9.8417,False,True,False,False,False,False,False,False,False,False,False,False,False,False,False,True,1
678,679.0,43.0,46.9,False,True,False,True,False,False,False,False,False,False,False,False,False,True,False,True,0
679,680.0,36.0,512.3292,False,False,True,False,False,False,False,False,True,False,False,False,False,False,False,False,1
681,682.0,27.0,76.7292,False,False,True,False,False,False,False,False,False,False,False,False,False,False,False,False,1
682,683.0,20.0,9.225,False,True,True,False,False,False,False,False,False,False,False,False,False,False,False,True,0
683,684.0,14.0,46.9,False,True,True,False,False,False,False,True,False,True,False,False,False,False,False,True,0
684,685.0,60.0,39.0,True,False,True,True,False,False,False,False,True,False,False,False,False,False,False,True,0
685,686.0,25.0,41.5792,True,False,True,True,False,False,False,False,False,True,False,False,False,False,False,False,0
686,687.0,14.0,39.6875,False,True,True,False,False,False,True,False,True,False,False,False,False,False,False,True,0
687,688.0,19.0,10.1708,False,True,True,False,False,False,False,False,False,False,False,False,False,False,False,True,0
688,689.0,18.0,7.7958,False,True,True,False,False,False,False,False,False,False,False,False,False,False,False,True,0
689,690.0,15.0,211.3375,False,False,False,False,False,False,False,False,True,False,False,False,False,False,False,True,1
690,691.0,31.0,57.0,False,False,True,True,False,False,False,False,False,False,False,False,False,False,False,True,1
691,692.0,4.0,13.4167,False,True,False,False,False,False,False,False,True,False,False,False,False,False,False,False,1
693,694.0,25.0,7.225,False,True,True,False,False,False,False,False,False,False,False,False,False,False,False,False,0
694,695.0,60.0,26.55,False,False,True,False,False,False,False,False,False,False,False,False,False,False,False,True,0
695,696.0,52.0,13.5,True,False,True,False,False,False,False,False,False,False,False,False,False,False,False,True,0
696,697.0,44.0,8.05,False,True,True,False,False,False,False,False,False,False,False,False,False,False,False,True,0
698,699.0,49.0,110.8833,False,False,True,True,False,False,False,False,True,False,False,False,False,False,False,False,0
699,700.0,42.0,7.65,False,True,True,False,False,False,False,False,False,False,False,False,False,False,False,True,0
700,701.0,18.0,227.525,False,False,False,True,False,False,False,False,False,False,False,False,False,False,False,False,1
701,702.0,35.0,26.2875,False,False,True,False,False,False,False,False,False,False,False,False,False,False,False,True,1
702,703.0,18.0,14.4542,False,True,False,False,False,False,False,False,True,False,False,False,False,False,False,False,0
703,704.0,25.0,7.7417,False,True,True,False,False,False,False,False,False,False,False,False,False,False,True,False,0
704,705.0,26.0,7.8542,False,True,True,True,False,False,False,False,False,False,False,False,False,False,False,True,0
705,706.0,39.0,26.0,True,False,True,False,False,False,False,False,False,False,False,False,False,False,False,True,0
706,707.0,45.0,13.5,True,False,False,False,False,False,False,False,False,False,False,False,False,False,False,True,1
707,708.0,42.0,26.2875,False,False,True,False,False,False,False,False,False,False,False,False,False,False,False,True,1
708,709.0,22.0,151.55,False,False,False,False,False,False,False,False,False,False,False,False,False,False,False,True,1
710,711.0,24.0,49.5042,False,False,False,False,False,False,False,False,False,False,False,False,False,False,False,False,1
712,713.0,48.0,52.0,False,False,True,True,False,False,False,False,False,False,False,False,False,False,False,True,1
713,714.0,29.0,9.4833,False,True,True,False,False,False,False,False,False,False,False,False,False,False,False,True,0
714,715.0,52.0,13.0,True,False,True,False,False,False,False,False,False,False,False,False,False,False,False,True,0
715,716.0,19.0,7.65,False,True,True,False,False,False,False,False,False,False,False,False,False,False,False,True,0
716,717.0,38.0,227.525,False,False,False,False,False,False,False,False,False,False,False,False,False,False,False,False,1
717,718.0,27.0,10.5,True,False,False,False,False,False,False,False,False,False,False,False,False,False,False,True,1
719,720.0,33.0,7.775,False,True,True,False,False,False,False,False,False,False,False,False,False,False,False,True,0
720,721.0,6.0,33.0,True,False,False,False,False,False,False,False,True,False,False,False,False,False,False,True,1
721,722.0,17.0,7.0542,False,True,True,True,False,False,False,False,False,False,False,False,False,False,False,True,0
722,723.0,34.0,13.0,True,False,True,False,False,False,False,False,False,False,False,False,False,False,False,True,0
723,724.0,50.0,13.0,True,False,True,False,False,False,False,False,False,False,False,False,False,False,False,True,0
724,725.0,27.0,53.1,False,False,True,True,False,False,False,False,False,False,False,False,False,False,False,True,1
725,726.0,20.0,8.6625,False,True,True,False,False,False,False,False,False,False,False,False,False,False,False,True,0
726,727.0,30.0,21.0,True,False,False,False,False,True,False,False,False,False,False,False,False,False,False,True,1
728,729.0,25.0,26.0,True,False,True,True,False,False,False,False,False,False,False,False,False,False,False,True,0
729,730.0,25.0,7.925,False,True,False,True,False,False,False,False,False,False,False,False,False,False,False,True,0
730,731.0,29.0,211.3375,False,False,False,False,False,False,False,False,False,False,False,False,False,False,False,True,1
731,732.0,11.0,18.7875,False,True,True,False,False,False,False,False,False,False,False,False,False,False,False,False,0
733,734.0,23.0,13.0,True,False,True,False,False,False,False,False,False,False,False,False,False,False,False,True,0
734,735.0,23.0,13.0,True,False,True,False,False,False,False,False,False,False,False,False,False,False,False,True,0
735,736.0,28.5,16.1,False,True,True,False,False,False,False,False,False,False,False,False,False,False,False,True,0
736,737.0,48.0,34.375,False,True,False,True,False,False,False,False,False,False,True,False,False,False,False,True,0
737,738.0,35.0,512.3292,False,False,True,False,False,False,False,False,False,False,False,False,False,False,False,False,1
741,742.0,36.0,78.85,False,False,True,True,False,False,False,False,False,False,False,False,False,False,False,True,0
742,743.0,21.0,262.375,False,False,False,False,True,False,False,False,False,True,False,False,False,False,False,False,1
743,744.0,24.0,16.1,False,True,True,True,False,False,False,False,False,False,False,False,False,False,False,True,0
744,745.0,31.0,7.925,False,True,True,False,False,False,False,False,False,False,False,False,False,False,False,True,1
745,746.0,70.0,71.0,False,False,True,True,False,False,False,False,True,False,False,False,False,False,False,True,0
746,747.0,16.0,20.25,False,True,True,True,False,False,False,False,True,False,False,False,False,False,False,True,0
747,748.0,30.0,13.0,True,False,False,False,False,False,False,False,False,False,False,False,False,False,False,True,1
748,749.0,19.0,53.1,False,False,True,True,False,False,False,False,False,False,False,False,False,False,False,True,0
749,750.0,31.0,7.75,False,True,True,False,False,False,False,False,False,False,False,False,False,False,True,False,0
750,751.0,4.0,23.0,True,False,False,True,False,False,False,False,True,False,False,False,False,False,False,True,1
751,752.0,6.0,12.475,False,True,True,False,False,False,False,False,True,False,False,False,False,False,False,True,1
752,753.0,33.0,9.5,False,True,True,False,False,False,False,False,False,False,False,False,False,False,False,True,0
753,754.0,23.0,7.8958,False,True,True,False,False,False,False,False,False,False,False,False,False,False,False,True,0
754,755.0,48.0,65.0,True,False,False,True,False,False,False,False,False,True,False,False,False,False,False,True,1
755,756.0,0.67,14.5,True,False,True,True,False,False,False,False,True,False,False,False,False,False,False,True,1
756,757.0,28.0,7.7958,False,True,True,False,False,False,False,False,False,False,False,False,False,False,False,True,0
757,758.0,18.0,11.5,True,False,True,False,False,False,False,False,False,False,False,False,False,False,False,True,0
758,759.0,34.0,8.05,False,True,True,False,False,False,False,False,False,False,False,False,False,False,False,True,0
759,760.0,33.0,86.5,False,False,False,False,False,False,False,False,False,False,False,False,False,False,False,True,1
761,762.0,41.0,7.125,False,True,True,False,False,False,False,False,False,False,False,False,False,False,False,True,0
762,763.0,20.0,7.2292,False,True,True,False,False,False,False,False,False,False,False,False,False,False,False,False,1
763,764.0,36.0,120.0,False,False,False,True,False,False,False,False,False,True,False,False,False,False,False,True,1
764,765.0,16.0,7.775,False,True,True,False,False,False,False,False,False,False,False,False,False,False,False,True,0
765,766.0,51.0,77.9583,False,False,False,True,False,False,False,False,False,False,False,False,False,False,False,True,1
767,768.0,30.5,7.75,False,True,False,False,False,False,False,False,False,False,False,False,False,False,True,False,0
769,770.0,32.0,8.3625,False,True,True,False,False,False,False,False,False,False,False,False,False,False,False,True,0
770,771.0,24.0,9.5,False,True,True,False,False,False,False,False,False,False,False,False,False,False,False,True,0
771,772.0,48.0,7.8542,False,True,True,False,False,False,False,False,False,False,False,False,False,False,False,True,0
772,773.0,57.0,10.5,True,False,False,False,False,False,False,False,False,False,False,False,False,False,False,True,0
774,775.0,54.0,23.0,True,False,False,True,False,False,False,False,False,False,True,False,False,False,False,True,1
775,776.0,18.0,7.75,False,True,True,False,False,False,False,False,False,False,False,False,False,False,False,True,0
777,778.0,5.0,12.475,False,True,False,False,False,False,False,False,False,False,False,False,False,False,False,True,1
779,780.0,43.0,211.3375,False,False,False,False,False,False,False,False,True,False,False,False,False,False,False,True,1
780,781.0,13.0,7.2292,False,True,False,False,False,False,False,False,False,False,False,False,False,False,False,False,1
781,782.0,17.0,57.0,False,False,False,True,False,False,False,False,False,False,False,False,False,False,False,True,1
782,783.0,29.0,30.0,False,False,True,False,False,False,False,False,False,False,False,False,False,False,False,True,0
784,785.0,25.0,7.05,False,True,True,False,False,False,False,False,False,False,False,False,False,False,False,True,0
785,786.0,25.0,7.25,False,True,True,False,False,False,False,False,False,False,False,False,False,False,False,True,0
786,787.0,18.0,7.4958,False,True,False,False,False,False,False,False,False,False,False,False,False,False,False,True,1
787,788.0,8.0,29.125,False,True,True,False,False,False,True,False,True,False,False,False,False,False,True,False,0
788,789.0,1.0,20.575,False,True,True,True,False,False,False,False,False,True,False,False,False,False,False,True,1
789,790.0,46.0,79.2,False,False,True,False,False,False,False,False,False,False,False,False,False,False,False,False,0
791,792.0,16.0,26.0,True,False,True,False,False,False,False,False,False,False,False,False,False,False,False,True,0
794,795.0,25.0,7.8958,False,True,True,False,False,False,False,False,False,False,False,False,False,False,False,True,0
795,796.0,39.0,13.0,True,False,True,False,False,False,False,False,False,False,False,False,False,False,False,True,0
796,797.0,49.0,25.9292,False,False,False,False,False,False,False,False,False,False,False,False,False,False,False,True,1
797,798.0,31.0,8.6833,False,True,False,False,False,False,False,False,False,False,False,False,False,False,False,True,1
798,799.0,30.0,7.2292,False,True,True,False,False,False,False,False,False,False,False,False,False,False,False,False,0
799,800.0,30.0,24.15,False,True,False,True,False,False,False,False,True,False,False,False,False,False,False,True,0
800,801.0,34.0,13.0,True,False,True,False,False,False,False,False,False,False,False,False,False,False,False,True,0
801,802.0,31.0,26.25,True,False,False,True,False,False,False,False,True,False,False,False,False,False,False,True,1
802,803.0,11.0,120.0,False,False,True,True,False,False,False,False,False,True,False,False,False,False,False,True,1
803,804.0,0.42,8.5167,False,True,True,False,False,False,False,False,True,False,False,False,False,False,False,False,1
804,805.0,27.0,6.975,False,True,True,False,False,False,False,False,False,False,False,False,False,False,False,True,1
805,806.0,31.0,7.775,False,True,True,False,False,False,False,False,False,False,False,False,False,False,False,True,0
806,807.0,39.0,0.0,False,False,True,False,False,False,False,False,False,False,False,False,False,False,False,True,0
807,808.0,18.0,7.775,False,True,False,False,False,False,False,False,False,False,False,False,False,False,False,True,0
808,809.0,39.0,13.0,True,False,True,False,False,False,False,False,False,False,False,False,False,False,False,True,0
809,810.0,33.0,53.1,False,False,False,True,False,False,False,False,False,False,False,False,False,False,False,True,1
810,811.0,26.0,7.8875,False,True,True,False,False,False,False,False,False,False,False,False,False,False,False,True,0
811,812.0,39.0,24.15,False,True,True,False,False,False,False,False,False,False,False,False,False,False,False,True,0
812,813.0,35.0,10.5,True,False,True,False,False,False,False,False,False,False,False,False,False,False,False,True,0
813,814.0,6.0,31.275,False,True,False,False,False,False,True,False,False,True,False,False,False,False,False,True,0
814,815.0,30.5,8.05,False,True,True,False,False,False,False,False,False,False,False,False,False,False,False,True,0
816,817.0,23.0,7.925,False,True,False,False,False,False,False,False,False,False,False,False,False,False,False,True,0
817,818.0,31.0,37.0042,True,False,True,True,False,False,False,False,True,False,False,False,False,False,False,False,0
818,819.0,43.0,6.45,False,True,True,False,False,False,False,False,False,False,False,False,False,False,False,True,0
819,820.0,10.0,27.9,False,True,True,False,False,True,False,False,False,True,False,False,False,False,False,True,0
820,821.0,52.0,93.5,False,False,False,True,False,False,False,False,True,False,False,False,False,False,False,True,1
821,822.0,27.0,8.6625,False,True,True,False,False,False,False,False,False,False,False,False,False,False,False,True,1
822,823.0,38.0,0.0,False,False,True,False,False,False,False,False,False,False,False,False,False,False,False,True,0
823,824.0,27.0,12.475,False,True,False,False,False,False,False,False,True,False,False,False,False,False,False,True,1
824,825.0,2.0,39.6875,False,True,True,False,False,False,True,False,True,False,False,False,False,False,False,True,0
827,828.0,1.0,37.0042,True,False,True,False,False,False,False,False,False,True,False,False,False,False,False,False,1
830,831.0,15.0,14.4542,False,True,False,True,False,False,False,False,False,False,False,False,False,False,False,False,1
831,832.0,0.83,18.75,True,False,True,True,False,False,False,False,True,False,False,False,False,False,False,True,1
833,834.0,23.0,7.8542,False,True,True,False,False,False,False,False,False,False,False,False,False,False,False,True,0
834,835.0,18.0,8.3,False,True,True,False,False,False,False,False,False,False,False,False,False,False,False,True,0
835,836.0,39.0,83.1583,False,False,False,True,False,False,False,False,True,False,False,False,False,False,False,False,1
836,837.0,21.0,8.6625,False,True,True,False,False,False,False,False,False,False,False,False,False,False,False,True,0
838,839.0,32.0,56.4958,False,True,True,False,False,False,False,False,False,False,False,False,False,False,False,True,1
840,841.0,20.0,7.925,False,True,True,False,False,False,False,False,False,False,False,False,False,False,False,True,0
841,842.0,16.0,10.5,True,False,True,False,False,False,False,False,False,False,False,False,False,False,False,True,0
842,843.0,30.0,31.0,False,False,False,False,False,False,False,False,False,False,False,False,False,False,False,False,1
843,844.0,34.5,6.4375,False,True,True,False,False,False,False,False,False,False,False,False,False,False,False,False,0
844,845.0,17.0,8.6625,False,True,True,False,False,False,False,False,False,False,False,False,False,False,False,True,0
845,846.0,42.0,7.55,False,True,True,False,False,False,False,False,False,False,False,False,False,False,False,True,0
847,848.0,35.0,7.8958,False,True,True,False,False,False,False,False,False,False,False,False,False,False,False,False,0
848,849.0,28.0,33.0,True,False,True,False,False,False,False,False,True,False,False,False,False,False,False,True,0
850,851.0,4.0,31.275,False,True,True,False,False,False,True,False,False,True,False,False,False,False,False,True,0
851,852.0,74.0,7.775,False,True,True,False,False,False,False,False,False,False,False,False,False,False,False,True,0
852,853.0,9.0,15.2458,False,True,False,True,False,False,False,False,True,False,False,False,False,False,False,False,0
853,854.0,16.0,39.4,False,False,False,False,False,False,False,False,True,False,False,False,False,False,False,True,1
854,855.0,44.0,26.0,True,False,False,True,False,False,False,False,False,False,False,False,False,False,False,True,0
855,856.0,18.0,9.35,False,True,False,False,False,False,False,False,True,False,False,False,False,False,False,True,1
856,857.0,45.0,164.8667,False,False,False,True,False,False,False,False,True,False,False,False,False,False,False,True,1
857,858.0,51.0,26.55,False,False,True,False,False,False,False,False,False,False,False,False,False,False,False,True,1
858,859.0,24.0,19.2583,False,True,False,False,False,False,False,False,False,False,True,False,False,False,False,False,1
860,861.0,41.0,14.1083,False,True,True,False,True,False,False,False,False,False,False,False,False,False,False,True,0
861,862.0,21.0,11.5,True,False,True,True,False,False,False,False,False,False,False,False,False,False,False,True,0
862,863.0,48.0,25.9292,False,False,False,False,False,False,False,False,False,False,False,False,False,False,False,True,1
864,865.0,24.0,13.0,True,False,True,False,False,False,False,False,False,False,False,False,False,False,False,True,0
865,866.0,42.0,13.0,True,False,False,False,False,False,False,False,False,False,False,False,False,False,False,True,1
866,867.0,27.0,13.8583,True,False,False,True,False,False,False,False,False,False,False,False,False,False,False,False,1
867,868.0,31.0,50.4958,False,False,True,False,False,False,False,False,False,False,False,False,False,False,False,True,0
869,870.0,4.0,11.1333,False,True,True,True,False,False,False,False,True,False,False,False,False,False,False,True,1
870,871.0,26.0,7.8958,False,True,True,False,False,False,False,False,False,False,False,False,False,False,False,True,0
871,872.0,47.0,52.5542,False,False,False,True,False,False,False,False,True,False,False,False,False,False,False,True,1
872,873.0,33.0,5.0,False,False,True,False,False,False,False,False,False,False,False,False,False,False,False,True,0
873,874.0,47.0,9.0,False,True,True,False,False,False,False,False,False,False,False,False,False,False,False,True,0
874,875.0,28.0,24.0,True,False,False,True,False,False,False,False,False,False,False,False,False,False,False,False,1
875,876.0,15.0,7.225,False,True,False,False,False,False,False,False,False,False,False,False,False,False,False,False,1
876,877.0,20.0,9.8458,False,True,True,False,False,False,False,False,False,False,False,False,False,False,False,True,0
877,878.0,19.0,7.8958,False,True,True,False,False,False,False,False,False,False,False,False,False,False,False,True,0
879,880.0,56.0,83.1583,False,False,False,False,False,False,False,False,True,False,False,False,False,False,False,False,1
880,881.0,25.0,26.0,True,False,False,False,False,False,False,False,True,False,False,False,False,False,False,True,1
881,882.0,33.0,7.8958,False,True,True,False,False,False,False,False,False,False,False,False,False,False,False,True,0
882,883.0,22.0,10.5167,False,True,False,False,False,False,False,False,False,False,False,False,False,False,False,True,0
883,884.0,28.0,10.5,True,False,True,False,False,False,False,False,False,False,False,False,False,False,False,True,0
884,885.0,25.0,7.05,False,True,True,False,False,False,False,False,False,False,False,False,False,False,False,True,0
885,886.0,39.0,29.125,False,True,False,False,False,False,False,False,False,False,False,False,True,False,True,False,0
886,887.0,27.0,13.0,True,False,True,False,False,False,False,False,False,False,False,False,False,False,False,True,0
887,888.0,19.0,30.0,False,False,False,False,False,False,False,False,False,False,False,False,False,False,False,True,1
889,890.0,26.0,30.0,False,False,True,False,False,False,False,False,False,False,False,False,False,False,False,False,1
890,891.0,32.0,7.75,False,True,True,False,False,False,False,False,False,False,False,False,False,False,True,False,0
