,Age,Fare,Pclass_2,Pclass_3,Sex_male,SibSp_1,SibSp_2,SibSp_3,SibSp_4,SibSp_5,Parch_1,Parch_2,Parch_3,Parch_4,Parch_5,Parch_6,Embarked_Q,Embarked_S,Survived
0,22.0,7.25,False,True,True,True,False,False,False,False,False,False,False,False,False,False,False,True,0
1,38.0,71.2833,False,False,False,True,False,False,False,False,False,False,False,False,False,False,False,False,1
2,26.0,7.925,False,True,False,False,False,False,False,False,False,False,False,False,False,False,False,True,1
3,35.0,53.1,False,False,False,True,False,False,False,False,False,False,False,False,False,False,False,True,1
4,35.0,8.05,False,True,True,False,False,False,False,False,False,False,False,False,False,False,False,True,0
6,54.0,51.8625,False,False,True,False,False,False,False,False,False,False,False,False,False,False,False,True,0
7,2.0,21.075,False,True,True,False,False,True,False,False,True,False,False,False,False,False,False,True,0
8,27.0,11.1333,False,True,False,False,False,False,False,False,False,True,False,False,False,False,False,True,1
9,14.0,30.0708,True,False,False,True,False,False,False,False,False,False,False,False,False,False,False,False,1
10,4.0,16.7,False,True,False,True,False,False,False,False,True,False,False,False,False,False,False,True,1
11,58.0,26.55,False,False,False,False,False,False,False,False,False,False,False,False,False,False,False,True,1
12,20.0,8.05,False,True,True,False,False,False,False,False,False,False,False,False,False,False,False,True,0
13,39.0,31.275,False,True,True,True,False,False,False,False,False,False,False,False,True,False,False,True,0
14,14.0,7.8542,False,True,False,False,False,False,False,False,False,False,False,False,False,False,False,True,0
15,55.0,16.0,True,False,False,False,False,False,False,False,False,False,False,False,False,False,False,True,1
16,2.0,29.125,False,True,True,False,False,False,True,False,True,False,False,False,False,False,True,False,0
18,31.0,18.0,False,True,False,True,False,False,False,False,False,False,False,False,False,False,False,True,0
20,35.0,26.0,True,False,True,False,False,False,False,False,False,False,False,False,False,False,False,True,0
21,34.0,13.0,True,False,True,False,False,False,False,False,False,False,False,False,False,False,False,True,1
22,15.0,8.0292,False,True,False,False,False,False,False,False,False,False,False,False,False,False,True,False,1
23,28.0,35.5,False,False,True,False,False,False,False,False,False,False,False,False,False,False,False,True,1
24,8.0,21.075,False,True,False,False,False,True,False,False,True,False,False,False,False,False,False,True,0
25,38.0,31.3875,False,True,False,True,False,False,False,False,False,False,False,False,True,False,False,True,1
27,19.0,263.0,False,False,True,False,False,True,False,False,False,True,False,False,False,False,False,True,0
30,40.0,27.7208,False,False,True,False,False,False,False,False,False,False,False,False,False,False,False,False,0
33,66.0,10.5,True,False,True,False,False,False,False,False,False,False,False,False,False,False,False,True,0
34,28.0,82.1708,False,False,True,True,False,False,False,False,False,False,False,False,False,False,False,False,0
35,42.0,52.0,False,False,True,True,False,False,False,False,False,False,False,False,False,False,False,True,0
37,21.0,8.05,False,True,True,False,False,False,False,False,False,False,False,False,False,False,False,True,0
38,18.0,18.0,False,True,False,False,True,False,False,False,False,False,False,False,False,False,False,True,0
39,14.0,11.2417,False,True,False,True,False,False,False,False,False,False,False,False,False,False,False,False,1
40,40.0,9.475,False,True,False,True,False,False,False,False,False,False,False,False,False,False,False,True,0
41,27.0,21.0,True,False,False,True,False,False,False,False,False,False,False,False,False,False,False,True,0
43,3.0,41.5792,True,False,False,True,False,False,False,False,False,True,False,False,False,False,False,False,1
44,19.0,7.8792,False,True,False,False,False,False,False,False,False,False,False,False,False,False,True,False,1
49,18.0,17.8,False,True,False,True,False,False,False,False,False,False,False,False,False,False,False,True,0
50,7.0,39.6875,False,True,True,False,False,False,True,False,True,False,False,False,False,False,False,True,0
51,21.0,7.8,False,True,True,False,False,False,False,False,False,False,False,False,False,False,False,True,0
52,49.0,76.7292,False,False,False,True,False,False,False,False,False,False,False,False,False,False,False,False,1
53,29.0,26.0,True,False,False,True,False,False,False,False,False,False,False,False,False,False,False,True,1
54,65.0,61.9792,False,False,True,False,False,False,False,False,True,False,False,False,False,False,False,False,0
56,21.0,10.5,True,False,False,False,False,False,False,False,False,False,False,False,False,False,False,True,1
57,28.5,7.2292,False,True,True,False,False,False,False,False,False,False,False,False,False,False,False,False,0
58,5.0,27.75,True,False,False,True,False,False,False,False,False,True,False,False,False,False,False,True,1
59,11.0,46.9,False,True,True,False,False,False,False,True,False,True,False,False,False,False,False,True,0
60,22.0,7.2292,False,True,True,False,False,False,False,False,False,False,False,False,False,False,False,False,0
62,45.0,83.475,False,False,True,True,False,False,False,False,False,False,False,False,False,False,False,True,0
63,4.0,27.9,False,True,True,False,False,True,False,False,False,True,False,False,False,False,False,True,0
66,29.0,10.5,True,False,False,False,False,False,False,False,False,False,False,False,False,False,False,True,1
67,19.0,8.1583,False,True,True,False,False,False,False,False,False,False,False,False,False,False,False,True,0
68,17.0,7.925,False,True,False,False,False,False,True,False,False,True,False,False,False,False,False,True,1
69,26.0,8.6625,False,True,True,False,True,False,False,False,False,False,False,False,False,False,False,True,0
70,32.0,10.5,True,False,True,False,False,False,False,False,False,False,False,False,False,False,False,True,0
71,16.0,46.9,False,True,False,False,False,False,False,True,False,True,False,False,False,False,False,True,0
72,21.0,73.5,True,False,True,False,False,False,False,False,False,False,False,False,False,False,False,True,0
73,26.0,14.4542,False,True,True,True,False,False,False,False,False,False,False,False,False,False,False,False,0
74,32.0,56.4958,False,True,True,False,False,False,False,False,False,False,False,False,False,False,False,True,1
75,25.0,7.65,False,True,True,False,False,False,False,False,False,False,False,False,False,False,False,True,0
78,0.83,29.0,True,False,True,False,False,False,False,False,False,True,False,False,False,False,False,True,1
79,30.0,12.475,False,True,False,False,False,False,False,False,False,False,False,False,False,False,False,True,1
80,22.0,9.0,False,True,True,False,False,False,False,False,False,False,False,False,False,False,False,True,0
81,29.0,9.5,False,True,True,False,False,False,False,False,False,False,False,False,False,False,False,True,1
83,28.0,47.1,False,False,True,False,False,False,False,False,False,False,False,False,False,False,False,True,0
84,17.0,10.5,True,False,False,False,False,False,False,False,False,False,False,False,False,False,False,True,1
85,33.0,15.85,False,True,False,False,False,True,False,False,False,False,False,False,False,False,False,True,1
86,16.0,34.375,False,True,True,True,False,False,False,False,False,False,True,False,False,False,False,True,0
88,23.0,263.0,False,False,False,False,False,True,False,False,False,True,False,False,False,False,False,True,1
89,24.0,8.05,False,True,True,False,False,False,False,False,False,False,False,False,False,False,False,True,0
90,29.0,8.05,False,True,True,False,False,False,False,False,False,False,False,False,False,False,False,True,0
91,20.0,7.8542,False,True,True,False,False,False,False,False,False,False,False,False,False,False,False,True,0
92,46.0,61.175,False,False,True,True,False,False,False,False,False,False,False,False,False,False,False,True,0
93,26.0,20.575,False,True,True,True,False,False,False,False,False,True,False,False,False,False,False,True,0
94,59.0,7.25,False,True,True,False,False,False,False,False,False,False,False,False,False,False,False,True,0
96,71.0,34.6542,False,False,True,False,False,False,False,False,False,False,False,False,False,False,False,False,0
97,23.0,63.3583,False,False,True,False,False,False,False,False,True,False,False,False,False,False,False,False,1
98,34.0,23.0,True,False,False,False,False,False,False,False,True,False,False,False,False,False,False,True,1
99,34.0,26.0,True,False,True,True,False,False,False,False,False,False,False,False,False,False,False,True,0
100,28.0,7.8958,False,True,False,False,False,False,False,False,False,False,False,False,False,False,False,True,0
102,21.0,77.2875,False,False,True,False,False,False,False,False,True,False,False,False,False,False,False,True,0
103,33.0,8.6542,False,True,True,False,False,False,False,False,False,False,False,False,False,False,False,True,0
104,37.0,7.925,False,True,True,False,True,False,False,False,False,False,False,False,False,False,False,True,0
105,28.0,7.8958,False,True,True,False,False,False,False,False,False,False,False,False,False,False,False,True,0
106,21.0,7.65,False,True,False,False,False,False,False,False,False,False,False,False,False,False,False,True,1
108,38.0,7.8958,False,True,True,False,False,False,False,False,False,False,False,False,False,False,False,True,0
110,47.0,52.0,False,False,True,False,False,False,False,False,False,False,False,False,False,False,False,True,0
111,14.5,14.4542,False,True,False,True,False,False,False,False,False,False,False,False,False,False,False,False,0
112,22.0,8.05,False,True,True,False,False,False,False,False,False,False,False,False,False,False,False,True,0
113,20.0,9.825,False,True,False,True,False,False,False,False,False,False,False,False,False,False,False,True,0
114,17.0,14.4583,False,True,False,False,False,False,False,False,False,False,False,False,False,False,False,False,0
115,21.0,7.925,False,True,True,False,False,False,False,False,False,False,False,False,False,False,False,True,0
116,70.5,7.75,False,True,True,False,False,False,False,False,False,False,False,False,False,False,True,False,0
117,29.0,21.0,True,False,True,True,False,False,False,False,False,False,False,False,False,False,False,True,0
118,24.0,247.5208,False,False,True,False,False,False,False,False,True,False,False,False,False,False,False,False,0
119,2.0,31.275,False,True,False,False,False,False,True,False,False,True,False,False,False,False,False,True,0
120,21.0,73.5,True,False,True,False,True,False,False,False,False,False,False,False,False,False,False,True,0
122,32.5,30.0708,True,False,True,True,False,False,False,False,False,False,False,False,False,False,False,False,0
123,32.5,13.0,True,False,False,False,False,False,False,False,False,False,False,False,False,False,False,True,1
124,54.0,77.2875,False,False,True,False,False,False,False,False,True,False,False,False,False,False,False,True,0
125,12.0,11.2417,False,True,True,True,False,False,False,False,False,False,False,False,False,False,False,False,1
127,24.0,7.1417,False,True,True,False,False,False,False,False,False,False,False,False,False,False,False,True,1
129,45.0,6.975,False,True,True,False,False,False,False,False,False,False,False,False,False,False,False,True,0
130,33.0,7.8958,False,True,True,False,False,False,False,False,False,False,False,False,False,False,False,False,0
131,20.0,7.05,False,True,True,False,False,False,False,False,False,False,False,False,False,False,False,True,0
132,47.0,14.5,False,True,False,True,False,False,False,False,False,False,False,False,False,False,False,True,0
133,29.0,26.0,True,False,False,True,False,False,False,False,False,False,False,False,False,False,False,True,1
134,25.0,13.0,True,False,True,False,False,False,False,False,False,False,False,False,False,False,False,True,0
135,23.0,15.0458,True,False,True,False,False,False,False,False,False,False,False,False,False,False,False,False,0
136,19.0,26.2833,False,False,False,False,False,False,False,False,False,True,False,False,False,False,False,True,1
137,37.0,53.1,False,False,True,True,False,False,False,False,False,False,False,False,False,False,False,True,0
138,16.0,9.2167,False,True,True,False,False,False,False,False,False,False,False,False,False,False,False,True,0
139,24.0,79.2,False,False,True,False,False,False,False,False,False,False,False,False,False,False,False,False,0
141,22.0,7.75,False,True,False,False,False,False,False,False,False,False,False,False,False,False,False,True,1
142,24.0,15.85,False,True,False,True,False,False,False,False,False,False,False,False,False,False,False,True,1
143,19.0,6.75,False,True,True,False,False,False,False,False,False,False,False,False,False,False,True,False,0
144,18.0,11.5,True,False,True,False,False,False,False,False,False,False,False,False,False,False,False,True,0
145,19.0,36.75,True,False,True,True,False,False,False,False,True,False,False,False,False,False,False,True,0
146,27.0,7.7958,False,True,True,False,False,False,False,False,False,False,False,False,False,False,False,True,1
147,9.0,34.375,False,True,False,False,True,False,False,False,False,True,False,False,False,False,False,True,0
148,36.5,26.0,True,False,True,False,False,False,False,False,False,True,False,False,False,False,False,True,0
149,42.0,13.0,True,False,True,False,False,False,False,False,False,False,False,False,False,False,False,True,0
150,51.0,12.525,True,False,True,False,False,False,False,False,False,False,False,False,False,False,False,True,0
151,22.0,66.6,False,False,False,True,False,False,False,False,False,False,False,False,False,False,False,True,1
152,55.5,8.05,False,True,True,False,False,False,False,False,False,False,False,False,False,False,False,True,0
153,40.5,14.5,False,True,True,False,False,False,False,False,False,True,False,False,False,False,False,True,0
155,51.0,61.3792,False,False,True,False,False,False,False,False,True,False,False,False,False,False,False,False,0
156,16.0,7.7333,False,True,False,False,False,False,False,False,False,False,False,False,False,False,True,False,1
157,30.0,8.05,False,True,True,False,False,False,False,False,False,False,False,False,False,False,False,True,0
160,44.0,16.1,False,True,True,False,False,False,False,False,True,False,False,False,False,False,False,True,0
161,40.0,15.75,True,False,False,False,False,False,False,False,False,False,False,False,False,False,False,True,1
162,26.0,7.775,False,True,True,False,False,False,False,False,False,False,False,False,False,False,False,True,0
163,17.0,8.6625,False,True,True,False,False,False,False,False,False,False,False,False,False,False,False,True,0
164,1.0,39.6875,False,True,True,False,False,False,True,False,True,False,False,False,False,False,False,True,0
165,9.0,20.525,False,True,True,False,False,False,False,False,False,True,False,False,False,False,False,True,1
167,45.0,27.9,False,True,False,True,False,False,False,False,False,False,False,True,False,False,False,True,0
169,28.0,56.4958,False,True,True,False,False,False,False,False,False,False,False,False,False,False,False,True,0
170,61.0,33.5,False,False,True,False,False,False,False,False,False,False,False,False,False,False,False,True,0
171,4.0,29.125,False,True,True,False,False,False,True,False,True,False,False,False,False,False,True,False,0
172,1.0,11.1333,False,True,False,True,False,False,False,False,True,False,False,False,False,False,False,True,1
173,21.0,7.925,False,True,True,False,False,False,False,False,False,False,False,False,False,False,False,True,0
174,56.0,30.6958,False,False,True,False,False,False,False,False,False,False,False,False,False,False,False,False,0
175,18.0,7.8542,False,True,True,True,False,False,False,False,True,False,False,False,False,False,False,True,0
177,50.0,28.7125,False,False,False,False,False,False,False,False,False,False,False,False,False,False,False,False,0
178,30.0,13.0,True,False,True,False,False,False,False,False,False,False,False,False,False,False,False,True,0
179,36.0,0.0,False,True,True,False,False,False,False,False,False,False,False,False,False,False,False,True,0
182,9.0,31.3875,False,True,True,False,False,False,True,False,False,True,False,False,False,False,False,True,0
183,1.0,39.0,True,False,True,False,True,False,False,False,True,False,False,False,False,False,False,True,1
184,4.0,22.025,False,True,False,False,False,False,False,False,False,True,False,False,False,False,False,True,1
187,45.0,26.55,False,False,True,False,False,False,False,False,False,False,False,False,False,False,False,True,1
188,40.0,15.5,False,True,True,True,False,False,False,False,True,False,False,False,False,False,True,False,0
189,36.0,7.8958,False,True,True,False,False,False,False,False,False,False,False,False,False,False,False,True,0
190,32.0,13.0,True,False,False,False,False,False,False,False,False,False,False,False,False,False,False,True,1
191,19.0,13.0,True,False,True,False,False,False,False,False,False,False,False,False,False,False,False,True,0
192,19.0,7.8542,False,True,False,True,False,False,False,False,False,False,False,False,False,False,False,True,1
193,3.0,26.0,True,False,True,True,False,False,False,False,True,False,False,False,False,False,False,True,1
194,44.0,27.7208,False,False,False,False,False,False,False,False,False,False,False,False,False,False,False,False,1
195,58.0,146.5208,False,False,False,False,False,False,False,False,False,False,False,False,False,False,False,False,1
197,42.0,8.4042,False,True,True,False,False,False,False,False,True,False,False,False,False,False,False,True,0
199,24.0,13.0,True,False,False,False,False,False,False,False,False,False,False,False,False,False,False,True,0
200,28.0,9.5,False,True,True,False,False,False,False,False,False,False,False,False,False,False,False,True,0
202,34.0,6.4958,False,True,True,False,False,False,False,False,False,False,False,False,False,False,False,True,0
203,45.5,7.225,False,True,True,False,False,False,False,False,False,False,False,False,False,False,False,False,0
204,18.0,8.05,False,True,True,False,False,False,False,False,False,False,False,False,False,False,False,True,1
205,2.0,10.4625,False,True,False,False,False,False,False,False,True,False,False,False,False,False,False,True,0
206,32.0,15.85,False,True,True,True,False,False,False,False,False,False,False,False,False,False,False,True,0
207,26.0,18.7875,False,True,True,False,False,False,False,False,False,False,False,False,False,False,False,False,1
208,16.0,7.75,False,True,False,False,False,False,False,False,False,False,False,False,False,False,True,False,1
209,40.0,31.0,False,False,True,False,False,False,False,False,False,False,False,False,False,False,False,False,1
210,24.0,7.05,False,True,True,False,False,False,False,False,False,False,False,False,False,False,False,True,0
211,35.0,21.0,True,False,False,False,False,False,False,False,False,False,False,False,False,False,False,True,1
212,22.0,7.25,False,True,True,False,False,False,False,False,False,False,False,False,False,False,False,True,0
213,30.0,13.0,True,False,True,False,False,False,False,False,False,False,False,False,False,False,False,True,0
215,31.0,113.275,False,False,False,True,False,False,False,False,False,False,False,False,False,False,False,False,1
216,27.0,7.925,False,True,False,False,False,False,False,False,False,False,False,False,False,False,False,True,1
217,42.0,27.0,True,False,True,True,False,False,False,False,False,False,False,False,False,False,False,True,0
218,32.0,76.2917,False,False,False,False,False,False,False,False,False,False,False,False,False,False,False,False,1
219,30.0,10.5,True,False,True,False,False,False,False,False,False,False,False,False,False,False,False,True,0
220,16.0,8.05,False,True,True,False,False,False,False,False,False,False,False,False,False,False,False,True,1
221,27.0,13.0,True,False,True,False,False,False,False,False,False,False,False,False,False,False,False,True,0
222,51.0,8.05,False,True,True,False,False,False,False,False,False,False,False,False,False,False,False,True,0
224,38.0,90.0,False,False,True,True,False,False,False,False,False,False,False,False,False,False,False,True,1
225,22.0,9.35,False,True,True,False,False,False,False,False,False,False,False,False,False,False,False,True,0
226,19.0,10.5,True,False,True,False,False,False,False,False,False,False,False,False,False,False,False,True,1
227,20.5,7.25,False,True,True,False,False,False,False,False,False,False,False,False,False,False,False,True,0
228,18.0,13.0,True,False,True,False,False,False,False,False,False,False,False,False,False,False,False,True,0
230,35.0,83.475,False,False,False,True,False,False,False,False,False,False,False,False,False,False,False,True,1
231,29.0,7.775,False,True,True,False,False,False,False,False,False,False,False,False,False,False,False,True,0
232,59.0,13.5,True,False,True,False,False,False,False,False,False,False,False,False,False,False,False,True,0
233,5.0,31.3875,False,True,False,False,False,False,True,False,False,True,False,False,False,False,False,True,1
234,24.0,10.5,True,False,True,False,False,False,False,False,False,False,False,False,False,False,False,True,0
236,44.0,26.0,True,False,True,True,False,False,False,False,False,False,False,False,False,False,False,True,0
237,8.0,26.25,True,False,False,False,False,False,False,False,False,True,False,False,False,False,False,True,1
238,19.0,10.5,True,False,True,False,False,False,False,False,False,False,False,False,False,False,False,True,0
239,33.0,12.275,True,False,True,False,False,False,False,False,False,False,False,False,False,False,False,True,0
242,29.0,10.5,True,False,True,False,False,False,False,False,False,False,False,False,False,False,False,True,0
243,22.0,7.125,False,True,True,False,False,False,False,False,False,False,False,False,False,False,False,True,0
244,30.0,7.225,False,True,True,False,False,False,False,False,False,False,False,False,False,False,False,False,0
245,44.0,90.0,False,False,True,False,True,False,False,False,False,False,False,False,False,False,True,False,0
246,25.0,7.775,False,True,False,False,False,False,False,False,False,False,False,False,False,False,False,True,0
247,24.0,14.5,True,False,False,False,False,False,False,False,False,True,False,False,False,False,False,True,1
248,37.0,52.5542,False,False,True,True,False,False,False,False,True,False,False,False,False,False,False,True,1
249,54.0,26.0,True,False,True,True,False,False,False,False,False,False,False,False,False,False,False,True,0
251,29.0,10.4625,False,True,False,True,False,False,False,False,True,False,False,False,False,False,False,True,0
252,62.0,26.55,False,False,True,False,False,False,False,False,False,False,False,False,False,False,False,True,0
253,30.0,16.1,False,True,True,True,False,False,False,False,False,False,False,False,False,False,False,True,0
254,41.0,20.2125,False,True,False,False,False,False,False,False,False,True,False,False,False,False,False,True,0
255,29.0,15.2458,False,True,False,False,False,False,False,False,False,True,False,False,False,False,False,False,1
257,30.0,86.5,False,False,False,False,False,False,False,False,False,False,False,False,False,False,False,True,1
258,35.0,512.3292,False,False,False,False,False,False,False,False,False,False,False,False,False,False,False,False,1
259,50.0,26.0,True,False,False,False,False,False,False,False,True,False,False,False,False,False,False,True,1
261,3.0,31.3875,False,True,True,False,False,False,True,False,False,True,False,False,False,False,False,True,1
262,52.0,79.65,False,False,True,True,False,False,False,False,True,False,False,False,False,False,False,True,0
263,40.0,0.0,False,False,True,False,False,False,False,False,False,False,False,False,False,False,False,True,0
265,36.0,10.5,True,False,True,False,False,False,False,False,False,False,False,False,False,False,False,True,0
266,16.0,39.6875,False,True,True,False,False,False,True,False,True,False,False,False,False,False,False,True,0
267,25.0,7.775,False,True,True,True,False,False,False,False,False,False,False,False,False,False,False,True,1
268,58.0,153.4625,False,False,False,False,False,False,False,False,True,False,False,False,False,False,False,True,1
269,35.0,135.6333,False,False,False,False,False,False,False,False,False,False,False,False,False,False,False,True,1
271,25.0,0.0,False,True,True,False,False,False,False,False,False,False,False,False,False,False,False,True,1
272,41.0,19.5,True,False,False,False,False,False,False,False,True,False,False,False,False,False,False,True,1
273,37.0,29.7,False,False,True,False,False,False,False,False,True,False,False,False,False,False,False,False,0
275,63.0,77.9583,False,False,False,True,False,False,False,False,False,False,False,False,False,False,False,True,1
276,45.0,7.75,False,True,False,False,False,False,False,False,False,False,False,False,False,False,False,True,0
278,7.0,29.125,False,True,True,False,False,False,True,False,True,False,False,False,False,False,True,False,0
279,35.0,20.25,False,True,False,True,False,False,False,False,True,False,False,False,False,False,False,True,1
280,65.0,7.75,False,True,True,False,False,False,False,False,False,False,False,False,False,False,True,False,0
281,28.0,7.8542,False,True,True,False,False,False,False,False,False,False,False,False,False,False,False,True,0
282,16.0,9.5,False,True,True,False,False,False,False,False,False,False,False,False,False,False,False,True,0
283,19.0,8.05,False,True,True,False,False,False,False,False,False,False,False,False,False,False,False,True,1
285,33.0,8.6625,False,True,True,False,False,False,False,False,False,False,False,False,False,False,False,False,0
286,30.0,9.5,False,True,True,False,False,False,False,False,False,False,False,False,False,False,False,True,1
287,22.0,7.8958,False,True,True,False,False,False,False,False,False,False,False,False,False,False,False,True,0
288,42.0,13.0,True,False,True,False,False,False,False,False,False,False,False,False,False,False,False,True,1
289,22.0,7.75,False,True,False,False,False,False,False,False,False,False,False,False,False,False,True,False,1
290,26.0,78.85,False,False,False,False,False,False,False,False,False,False,False,False,False,False,False,True,1
291,19.0,91.0792,False,False,False,True,False,False,False,False,False,False,False,False,False,False,False,False,1
292,36.0,12.875,True,False,True,False,False,False,False,False,False,False,False,False,False,False,False,False,0
293,24.0,8.85,False,True,False,False,False,False,False,False,False,False,False,False,False,False,False,True,0
294,24.0,7.8958,False,True,True,False,False,False,False,False,False,False,False,False,False,False,False,True,0
296,23.5,7.2292,False,True,True,False,False,False,False,False,False,False,False,False,False,False,False,False,0
297,2.0,151.55,False,False,False,True,False,False,False,False,False,True,False,False,False,False,False,True,0
299,50.0,247.5208,False,False,False,False,False,False,False,False,True,False,False,False,False,False,False,False,1
302,19.0,0.0,False,True,True,False,False,False,False,False,False,False,False,False,False,False,False,True,0
305,0.92,151.55,False,False,True,True,False,False,False,False,False,True,False,False,False,False,False,True,1
307,17.0,108.9,False,False,False,True,False,False,False,False,False,False,False,False,False,False,False,False,1
308,30.0,24.0,True,False,True,True,False,False,False,False,False,False,False,False,False,False,False,False,0
309,30.0,56.9292,False,False,False,False,False,False,False,False,False,False,False,False,False,False,False,False,1
310,24.0,83.1583,False,False,False,False,False,False,False,False,False,False,False,False,False,False,False,False,1
311,18.0,262.375,False,False,False,False,True,False,False,False,False,True,False,False,False,False,False,False,1
312,26.0,26.0,True,False,False,True,False,False,False,False,True,False,False,False,False,False,False,True,0
313,28.0,7.8958,False,True,True,False,False,False,False,False,False,False,False,False,False,False,False,True,0
314,43.0,26.25,True,False,True,True,False,False,False,False,True,False,False,False,False,False,False,True,0
315,26.0,7.8542,False,True,False,False,False,False,False,False,False,False,False,False,False,False,False,True,1
316,24.0,26.0,True,False,False,True,False,False,False,False,False,False,False,False,False,False,False,True,1
317,54.0,14.0,True,False,True,False,False,False,False,False,False,False,False,False,False,False,False,True,0
318,31.0,164.8667,False,False,False,False,False,False,False,False,False,True,False,False,False,False,False,True,1
319,40.0,134.5,False,False,False,True,False,False,False,False,True,False,False,False,False,False,False,False,1
320,22.0,7.25,False,True,True,False,False,False,False,False,False,False,False,False,False,False,False,True,0
321,27.0,7.8958,False,True,True,False,False,False,False,False,False,False,False,False,False,False,False,True,0
322,30.0,12.35,True,False,False,False,False,False,False,False,False,False,False,False,False,False,True,False,1
323,22.0,29.0,True,False,False,True,False,False,False,False,True,False,False,False,False,False,False,True,1
325,36.0,135.6333,False,False,False,False,False,False,False,False,False,False,False,False,False,False,False,False,1
326,61.0,6.2375,False,True,True,False,False,False,False,False,False,False,False,False,False,False,False,True,0
327,36.0,13.0,True,False,False,False,False,False,False,False,False,False,False,False,False,False,False,True,1
328,31.0,20.525,False,True,False,True,False,False,False,False,True,False,False,False,False,False,False,True,1
329,16.0,57.9792,False,False,False,False,False,False,False,False,True,False,False,False,False,False,False,False,1
331,45.5,28.5,False,False,True,False,False,False,False,False,False,False,False,False,False,False,False,True,0
332,38.0,153.4625,False,False,True,False,False,False,False,False,True,False,False,False,False,False,False,True,0
333,16.0,18.0,False,True,True,False,True,False,False,False,False,False,False,False,False,False,False,True,0
336,29.0,66.6,False,False,True,True,False,False,False,False,False,False,False,False,False,False,False,True,0
337,41.0,134.5,False,False,False,False,False,False,False,False,False,False,False,False,False,False,False,False,1
338,45.0,8.05,False,True,True,False,False,False,False,False,False,False,False,False,False,False,False,True,1
339,45.0,35.5,False,False,True,False,False,False,False,False,False,False,False,False,False,False,False,True,0
340,2.0,26.0,True,False,True,True,False,False,False,False,True,False,False,False,False,False,False,True,1
341,24.0,263.0,False,False,False,False,False,True,False,False,False,True,False,False,False,False,False,True,1
342,28.0,13.0,True,False,True,False,False,False,False,False,False,False,False,False,False,False,False,True,0
343,25.0,13.0,True,False,True,False,False,False,False,False,False,False,False,False,False,False,False,True,0
344,36.0,13.0,True,False,True,False,False,False,False,False,False,False,False,False,False,False,False,True,0
345,24.0,13.0,True,False,False,False,False,False,False,False,False,False,False,False,False,False,False,True,1
346,40.0,13.0,True,False,False,False,False,False,False,False,False,False,False,False,False,False,False,True,1
348,3.0,15.9,False,True,True,True,False,False,False,False,True,False,False,False,False,False,False,True,1
349,42.0,8.6625,False,True,True,False,False,False,False,False,False,False,False,False,False,False,False,True,0
350,23.0,9.225,False,True,True,False,False,False,False,False,False,False,False,False,False,False,False,True,0
352,15.0,7.2292,False,True,True,True,False,False,False,False,True,False,False,False,False,False,False,False,0
353,25.0,17.8,False,True,True,True,False,False,False,False,False,False,False,False,False,False,False,True,0
355,28.0,9.5,False,True,True,False,False,False,False,False,False,False,False,False,False,False,False,True,0
356,22.0,55.0,False,False,False,False,False,False,False,False,True,False,False,False,False,False,False,True,1
357,38.0,13.0,True,False,False,False,False,False,False,False,False,False,False,False,False,False,False,True,0
360,40.0,27.9,False,True,True,True,False,False,False,False,False,False,False,True,False,False,False,True,0
361,29.0,27.7208,True,False,True,True,False,False,False,False,False,False,False,False,False,False,False,False,0
362,45.0,14.4542,False,True,False,False,False,False,False,False,True,False,False,False,False,False,False,False,0
363,35.0,7.05,False,True,True,False,False,False,False,False,False,False,False,False,False,False,False,True,0
365,30.0,7.25,False,True,True,False,False,False,False,False,False,False,False,False,False,False,False,True,0
366,60.0,75.25,False,False,False,True,False,False,False,False,False,False,False,False,False,False,False,False,1
369,24.0,69.3,False,False,False,False,False,False,False,False,False,False,False,False,False,False,False,False,1
370,25.0,55.4417,False,False,True,True,False,False,False,False,False,False,False,False,False,False,False,False,1
371,18.0,6.4958,False,True,True,True,False,False,False,False,False,False,False,False,False,False,False,True,0
372,19.0,8.05,False,True,True,False,False,False,False,False,False,False,False,False,False,False,False,True,0
373,22.0,135.6333,False,False,True,False,False,False,False,False,False,False,False,False,False,False,False,False,0
374,3.0,21.075,False,True,False,False,False,True,False,False,True,False,False,False,False,False,False,True,0
376,22.0,7.25,False,True,False,False,False,False,False,False,False,False,False,False,False,False,False,True,1
377,27.0,211.5,False,False,True,False,False,False,False,False,False,True,False,False,False,False,False,False,0
378,20.0,4.0125,False,True,True,False,False,False,False,False,False,False,False,False,False,False,False,False,0
379,19.0,7.775,False,True,True,False,False,False,False,False,False,False,False,False,False,False,False,True,0
380,42.0,227.525,False,False,False,False,False,False,False,False,False,False,False,False,False,False,False,False,1
381,1.0,15.7417,False,True,False,False,False,False,False,False,False,True,False,False,False,False,False,False,1
382,32.0,7.925,False,True,True,False,False,False,False,False,False,False,False,False,False,False,False,True,0
383,35.0,52.0,False,False,False,True,False,False,False,False,False,False,False,False,False,False,False,True,1
385,18.0,73.5,True,False,True,False,False,False,False,False,False,False,False,False,False,False,False,True,0
386,1.0,46.9,False,True,True,False,False,False,False,True,False,True,False,False,False,False,False,True,0
387,36.0,13.0,True,False,False,False,False,False,False,False,False,False,False,False,False,False,False,True,1
389,17.0,12.0,True,False,False,False,False,False,False,False,False,False,False,False,False,False,False,False,1
390,36.0,120.0,False,False,True,True,False,False,False,False,False,True,False,False,False,False,False,True,1
391,21.0,7.7958,False,True,True,False,False,False,False,False,False,False,False,False,False,False,False,True,1
392,28.0,7.925,False,True,True,False,True,False,False,False,False,False,False,False,False,False,False,True,0
393,23.0,113.275,False,False,False,True,False,False,False,False,False,False,False,False,False,False,False,False,1
394,24.0,16.7,False,True,False,False,False,False,False,False,False,True,False,False,False,False,False,True,1
395,22.0,7.7958,False,True,True,False,False,False,False,False,False,False,False,False,False,False,False,True,0
396,31.0,7.8542,False,True,False,False,False,False,False,False,False,False,False,False,False,False,False,True,0
397,46.0,26.0,True,False,True,False,False,False,False,False,False,False,False,False,False,False,False,True,0
398,23.0,10.5,True,False,True,False,False,False,False,False,False,False,False,False,False,False,False,True,0
399,28.0,12.65,True,False,False,False,False,False,False,False,False,False,False,False,False,False,False,True,1
400,39.0,7.925,False,True,True,False,False,False,False,False,False,False,False,False,False,False,False,True,1
401,26.0,8.05,False,True,True,False,False,False,False,False,False,False,False,False,False,False,False,True,0
402,21.0,9.825,False,True,False,True,False,False,False,False,False,False,False,False,False,False,False,True,0
403,28.0,15.85,False,True,True,True,False,False,False,False,False,False,False,False,False,False,False,True,0
404,20.0,8.6625,False,True,False,False,False,False,False,False,False,False,False,False,False,False,False,True,0
405,34.0,21.0,True,False,True,True,False,False,False,False,False,False,False,False,False,False,False,True,0
406,51.0,7.75,False,True,True,False,False,False,False,False,False,False,False,False,False,False,False,True,0
407,3.0,18.75,True,False,True,True,False,False,False,False,True,False,False,False,False,False,False,True,1
408,21.0,7.775,False,True,True,False,False,False,False,False,False,False,False,False,False,False,False,True,0
412,33.0,90.0,False,False,False,True,False,False,False,False,False,False,False,False,False,False,True,False,1
414,44.0,7.925,False,True,True,False,False,False,False,False,False,False,False,False,False,False,False,True,1
416,34.0,32.5,True,False,False,True,False,False,False,False,True,False,False,False,False,False,False,True,1
417,18.0,13.0,True,False,False,False,False,False,False,False,False,True,False,False,False,False,False,True,1
418,30.0,13.0,True,False,True,False,False,False,False,False,False,False,False,False,False,False,False,True,0
419,10.0,24.15,False,True,False,False,False,False,False,False,False,True,False,False,False,False,False,True,0
421,21.0,7.7333,False,True,True,False,False,False,False,False,False,False,False,False,False,False,True,False,0
422,29.0,7.875,False,True,True,False,False,False,False,False,False,False,False,False,False,False,False,True,0
423,28.0,14.4,False,True,False,True,False,False,False,False,True,False,False,False,False,False,False,True,0
424,18.0,20.2125,False,True,True,True,False,False,False,False,True,False,False,False,False,False,False,True,0
426,28.0,26.0,True,False,False,True,False,False,False,False,False,False,False,False,False,False,False,True,1
427,19.0,26.0,True,False,False,False,False,False,False,False,False,False,False,False,False,False,False,True,1
429,32.0,8.05,False,True,True,False,False,False,False,False,False,False,False,False,False,False,False,True,1
430,28.0,26.55,False,False,True,False,False,False,False,False,False,False,False,False,False,False,False,True,1
432,42.0,26.0,True,False,False,True,False,False,False,False,False,False,False,False,False,False,False,True,1
433,17.0,7.125,False,True,True,False,False,False,False,False,False,False,False,False,False,False,False,True,0
434,50.0,55.9,False,False,True,True,False,False,False,False,False,False,False,False,False,False,False,True,0
435,14.0,120.0,False,False,False,True,False,False,False,False,False,True,False,False,False,False,False,True,1
436,21.0,34.375,False,True,False,False,True,False,False,False,False,True,False,False,False,False,False,True,0
437,24.0,18.75,True,False,False,False,True,False,False,False,False,False,True,False,False,False,False,True,1
438,64.0,263.0,False,False,True,True,False,False,False,False,False,False,False,True,False,False,False,True,0
439,31.0,10.5,True,False,True,False,False,False,False,False,False,False,False,False,False,False,False,True,0
440,45.0,26.25,True,False,False,True,False,False,False,False,True,False,False,False,False,False,False,True,1
441,20.0,9.5,False,True,True,False,False,False,False,False,False,False,False,False,False,False,False,True,0
442,25.0,7.775,False,True,True,True,False,False,False,False,False,False,False,False,False,False,False,True,0
443,28.0,13.0,True,False,False,False,False,False,False,False,False,False,False,False,False,False,False,True,1
445,4.0,81.8583,False,False,True,False,False,False,False,False,False,True,False,False,False,False,False,True,1
446,13.0,19.5,True,False,False,False,False,False,False,False,True,False,False,False,False,False,False,True,1
447,34.0,26.55,False,False,True,False,False,False,False,False,False,False,False,False,False,False,False,True,1
448,5.0,19.2583,False,True,False,False,True,False,False,False,True,False,False,False,False,False,False,False,1
449,52.0,30.5,False,False,True,False,False,False,False,False,False,False,False,False,False,False,False,True,1
450,36.0,27.75,True,False,True,True,False,False,False,False,False,True,False,False,False,False,False,True,0
452,30.0,27.75,False,False,True,False,False,False,False,False,False,False,False,False,False,False,False,False,0
453,49.0,89.1042,False,False,True,True,False,False,False,False,False,False,False,False,False,False,False,False,1
455,29.0,7.8958,False,True,True,False,False,False,False,False,False,False,False,False,False,False,False,False,1
456,65.0,26.55,False,False,True,False,False,False,False,False,False,False,False,False,False,False,False,True,0
458,50.0,10.5,True,False,False,False,False,False,False,False,False,False,False,False,False,False,False,True,1
460,48.0,26.55,False,False,True,False,False,False,False,False,False,False,False,False,False,False,False,True,1
461,34.0,8.05,False,True,True,False,False,False,False,False,False,False,False,False,False,False,False,True,0
462,47.0,38.5,False,False,True,False,False,False,False,False,False,False,False,False,False,False,False,True,0
463,48.0,13.0,True,False,True,False,False,False,False,False,False,False,False,False,False,False,False,True,0
465,38.0,7.05,False,True,True,False,False,False,False,False,False,False,False,False,False,False,False,True,0
467,56.0,26.55,False,False,True,False,False,False,False,False,False,False,False,False,False,False,False,True,0
469,0.75,19.2583,False,True,False,False,True,False,False,False,True,False,False,False,False,False,False,False,1
471,38.0,8.6625,False,True,True,False,False,False,False,False,False,False,False,False,False,False,False,True,0
472,33.0,27.75,True,False,False,True,False,False,False,False,False,True,False,False,False,False,False,True,1
473,23.0,13.7917,True,False,False,False,False,False,False,False,False,False,False,False,False,False,False,False,1
474,22.0,9.8375,False,True,False,False,False,False,False,False,False,False,False,False,False,False,False,True,0
476,34.0,21.0,True,False,True,True,False,False,False,False,False,False,False,False,False,False,False,True,0
477,29.0,7.0458,False,True,True,True,False,False,False,False,False,False,False,False,False,False,False,True,0
478,22.0,7.5208,False,True,True,False,False,False,False,False,False,False,False,False,False,False,False,True,0
479,2.0,12.2875,False,True,False,False,False,False,False,False,True,False,False,False,False,False,False,True,1
480,9.0,46.9,False,True,True,False,False,False,False,True,False,True,False,False,False,False,False,True,0
482,50.0,8.05,False,True,True,False,False,False,False,False,False,False,False,False,False,False,False,True,0
483,63.0,9.5875,False,True,False,False,False,False,False,False,False,False,False,False,False,False,False,True,1
484,25.0,91.0792,False,False,True,True,False,False,False,False,False,False,False,False,False,False,False,False,1
486,35.0,90.0,False,False,False,True,False,False,False,False,False,False,False,False,False,False,False,True,1
487,58.0,29.7,False,False,True,False,False,False,False,False,False,False,False,False,False,False,False,False,0
488,30.0,8.05,False,True,True,False,False,False,False,False,False,False,False,False,False,False,False,True,0
489,9.0,15.9,False,True,True,True,False,False,False,False,True,False,False,False,False,False,False,True,1
491,21.0,7.25,False,True,True,False,False,False,False,False,False,False,False,False,False,False,False,True,0
492,55.0,30.5,False,False,True,False,False,False,False,False,False,False,False,False,False,False,False,True,0
493,71.0,49.5042,False,False,True,False,False,False,False,False,False,False,False,False,False,False,False,False,0
494,21.0,8.05,False,True,True,False,False,False,False,False,False,False,False,False,False,False,False,True,0
496,54.0,78.2667,False,False,False,True,False,False,False,False,False,False,False,False,False,False,False,False,1
498,25.0,151.55,False,False,False,True,False,False,False,False,False,True,False,False,False,False,False,True,0
499,24.0,7.7958,False,True,True,False,False,False,False,False,False,False,False,False,False,False,False,True,0
500,17.0,8.6625,False,True,True,False,False,False,False,False,False,False,False,False,False,False,False,True,0
501,21.0,7.75,False,True,False,False,False,False,False,False,False,False,False,False,False,False,True,False,0
503,37.0,9.5875,False,True,False,False,False,False,False,False,False,False,False,False,False,False,False,True,0
504,16.0,86.5,False,False,False,False,False,False,False,False,False,False,False,False,False,False,False,True,1
505,18.0,108.9,False,False,True,True,False,False,False,False,False,False,False,False,False,False,False,False,0
506,33.0,26.0,True,False,False,False,False,False,False,False,False,True,False,False,False,False,False,True,1
508,28.0,22.525,False,True,True,False,False,False,False,False,False,False,False,False,False,False,False,True,0
509,26.0,56.4958,False,True,True,False,False,False,False,False,False,False,False,False,False,False,False,True,1
510,29.0,7.75,False,True,True,False,False,False,False,False,False,False,False,False,False,False,True,False,1
512,36.0,26.2875,False,False,True,False,False,False,False,False,False,False,False,False,False,False,False,True,1
513,54.0,59.4,False,False,False,True,False,False,False,False,False,False,False,False,False,False,False,False,1
514,24.0,7.4958,False,True,True,False,False,False,False,False,False,False,False,False,False,False,False,True,0
515,47.0,34.0208,False,False,True,False,False,False,False,False,False,False,False,False,False,False,False,True,0
516,34.0,10.5,True,False,False,False,False,False,False,False,False,False,False,False,False,False,False,True,1
518,36.0,26.0,True,False,False,True,False,False,False,False,False,False,False,False,False,False,False,True,1
519,32.0,7.8958,False,True,True,False,False,False,False,False,False,False,False,False,False,False,False,True,0
520,30.0,93.5,False,False,False,False,False,False,False,False,False,False,False,False,False,False,False,True,1
521,22.0,7.8958,False,True,True,False,False,False,False,False,False,False,False,False,False,False,False,True,0
523,44.0,57.9792,False,False,False,False,False,False,False,False,True,False,False,False,False,False,False,False,1
525,40.5,7.75,False,True,True,False,False,False,False,False,False,False,False,False,False,False,True,False,0
526,50.0,10.5,True,False,False,False,False,False,False,False,False,False,False,False,False,False,False,True,1
528,39.0,7.925,False,True,True,False,False,False,False,False,False,False,False,False,False,False,False,True,0
529,23.0,11.5,True,False,True,False,True,False,False,False,True,False,False,False,False,False,False,True,0
530,2.0,26.0,True,False,False,True,False,False,False,False,True,False,False,False,False,False,False,True,1
532,17.0,7.2292,False,True,True,True,False,False,False,False,True,False,False,False,False,False,False,False,0
534,30.0,8.6625,False,True,False,False,False,False,False,False,False,False,False,False,False,False,False,True,0
535,7.0,26.25,True,False,False,False,False,False,False,False,False,True,False,False,False,False,False,True,1
536,45.0,26.55,False,False,True,False,False,False,False,False,False,False,False,False,False,False,False,True,0
537,30.0,106.425,False,False,False,False,False,False,False,False,False,False,False,False,False,False,False,False,1
539,22.0,49.5,False,False,False,False,False,False,False,False,False,True,False,False,False,False,False,False,1
540,36.0,71.0,False,False,False,False,False,False,False,False,False,True,False,False,False,False,False,True,1
541,9.0,31.275,False,True,False,False,False,False,True,False,False,True,False,False,False,False,False,True,0
542,11.0,31.275,False,True,False,False,False,False,True,False,False,True,False,False,False,False,False,True,0
543,32.0,26.0,True,False,True,True,False,False,False,False,False,False,False,False,False,False,False,True,1
544,50.0,106.425,False,False,True,True,False,False,False,False,False,False,False,False,False,False,False,False,0
545,64.0,26.0,False,False,True,False,False,False,False,False,False,False,False,False,False,False,False,True,0
546,19.0,26.0,True,False,False,True,False,False,False,False,False,False,False,False,False,False,False,True,1
548,33.0,20.525,False,True,True,True,False,False,False,False,True,False,False,False,False,False,False,True,0
549,8.0,36.75,True,False,True,True,False,False,False,False,True,False,False,False,False,False,False,True,1
550,17.0,110.8833,False,False,True,False,False,False,False,False,False,True,False,False,False,False,False,False,1
551,27.0,26.0,True,False,True,False,False,False,False,False,False,False,False,False,False,False,False,True,0
553,22.0,7.225,False,True,True,False,False,False,False,False,False,False,False,False,False,False,False,False,1
554,22.0,7.775,False,True,False,False,False,False,False,False,False,False,False,False,False,False,False,True,1
555,62.0,26.55,False,False,True,False,False,False,False,False,False,False,False,False,False,False,False,True,0
556,48.0,39.6,False,False,False,True,False,False,False,False,False,False,False,False,False,False,False,False,1
558,39.0,79.65,False,False,False,True,False,False,False,False,True,False,False,False,False,False,False,True,1
559,36.0,17.4,False,True,False,True,False,False,False,False,False,False,False,False,False,False,False,True,1
561,40.0,7.8958,False,True,True,False,False,False,False,False,False,False,False,False,False,False,False,True,0
562,28.0,13.5,True,False,True,False,False,False,False,False,False,False,False,False,False,False,False,True,0
565,24.0,24.15,False,True,True,False,True,False,False,False,False,False,False,False,False,False,False,True,0
566,19.0,7.8958,False,True,True,False,False,False,False,False,False,False,False,False,False,False,False,True,0
567,29.0,21.075,False,True,False,False,False,False,False,False,False,False,False,True,False,False,False,True,0
569,32.0,7.8542,False,True,True,False,False,False,False,False,False,False,False,False,False,False,False,True,1
570,62.0,10.5,True,False,True,False,False,False,False,False,False,False,False,False,False,False,False,True,1
571,53.0,51.4792,False,False,False,False,True,False,False,False,False,False,False,False,False,False,False,True,1
572,36.0,26.3875,False,False,True,False,False,False,False,False,False,False,False,False,False,False,False,True,1
574,16.0,8.05,False,True,True,False,False,False,False,False,False,False,False,False,False,False,False,True,0
575,19.0,14.5,False,True,True,False,False,False,False,False,False,False,False,False,False,False,False,True,0
576,34.0,13.0,True,False,False,False,False,False,False,False,False,False,False,False,False,False,False,True,1
577,39.0,55.9,False,False,False,True,False,False,False,False,False,False,False,False,False,False,False,True,1
579,32.0,7.925,False,True,True,False,False,False,False,False,False,False,False,False,False,False,False,True,1
580,25.0,30.0,True,False,False,True,False,False,False,False,True,False,False,False,False,False,False,True,1
581,39.0,110.8833,False,False,False,True,False,False,False,False,True,False,False,False,False,False,False,False,1
582,54.0,26.0,True,False,True,False,False,False,False,False,False,False,False,False,False,False,False,True,0
583,36.0,40.125,False,False,True,False,False,False,False,False,False,False,False,False,False,False,False,False,0
585,18.0,79.65,False,False,False,False,False,False,False,False,False,True,False,False,False,False,False,True,1
586,47.0,15.0,True,False,True,False,False,False,False,False,False,False,False,False,False,False,False,True,0
587,60.0,79.2,False,False,True,True,False,False,False,False,True,False,False,False,False,False,False,False,1
588,22.0,8.05,False,True,True,False,False,False,False,False,False,False,False,False,False,False,False,True,0
590,35.0,7.125,False,True,True,False,False,False,False,False,False,False,False,False,False,False,False,True,0
591,52.0,78.2667,False,False,False,True,False,False,False,False,False,False,False,False,False,False,False,False,1
592,47.0,7.25,False,True,True,False,False,False,False,False,False,False,False,False,False,False,False,True,0
594,37.0,26.0,True,False,True,True,False,False,False,False,False,False,False,False,False,False,False,True,0
595,36.0,24.15,False,True,True,True,False,False,False,False,True,False,False,False,False,False,False,True,0
597,49.0,0.0,False,True,True,False,False,False,False,False,False,False,False,False,False,False,False,True,0
599,49.0,56.9292,False,False,True,True,False,False,False,False,False,False,False,False,False,False,False,False,1
600,24.0,27.0,True,False,False,False,True,False,False,False,True,False,False,False,False,False,False,True,1
603,44.0,8.05,False,True,True,False,False,False,False,False,False,False,False,False,False,False,False,True,0
604,35.0,26.55,False,False,True,False,False,False,False,False,False,False,False,False,False,False,False,False,1
605,36.0,15.55,False,True,True,True,False,False,False,False,False,False,False,False,False,False,False,True,0
606,30.0,7.8958,False,True,True,False,False,False,False,False,False,False,False,False,False,False,False,True,0
607,27.0,30.5,False,False,True,False,False,False,False,False,False,False,False,False,False,False,False,True,1
608,22.0,41.5792,True,False,False,True,False,False,False,False,False,True,False,False,False,False,False,False,1
609,40.0,153.4625,False,False,False,False,False,False,False,False,False,False,False,False,False,False,False,True,1
610,39.0,31.275,False,True,False,True,False,False,False,False,False,False,False,False,True,False,False,True,0
614,35.0,8.05,False,True,True,False,False,False,False,False,False,False,False,False,False,False,False,True,0
615,24.0,65.0,True,False,False,True,False,False,False,False,False,True,False,False,False,False,False,True,1
616,34.0,14.4,False,True,True,True,False,False,False,False,True,False,False,False,False,False,False,True,0
617,26.0,16.1,False,True,False,True,False,False,False,False,False,False,False,False,False,False,False,True,0
618,4.0,39.0,True,False,False,False,True,False,False,False,True,False,False,False,False,False,False,True,1
619,26.0,10.5,True,False,True,False,False,False,False,False,False,False,False,False,False,False,False,True,0
620,27.0,14.4542,False,True,True,True,False,False,False,False,False,False,False,False,False,False,False,False,0
621,42.0,52.5542,False,False,True,True,False,False,False,False,False,False,False,False,False,False,False,True,1
622,20.0,15.7417,False,True,True,True,False,False,False,False,True,False,False,False,False,False,False,False,1
623,21.0,7.8542,False,True,True,False,False,False,False,False,False,False,False,False,False,False,False,True,0
624,21.0,16.1,False,True,True,False,False,False,False,False,False,False,False,False,False,False,False,True,0
625,61.0,32.3208,False,False,True,False,False,False,False,False,False,False,False,False,False,False,False,True,0
626,57.0,12.35,True,False,True,False,False,False,False,False,False,False,False,False,False,False,True,False,0
627,21.0,77.9583,False,False,False,False,False,False,False,False,False,False,False,False,False,False,False,True,1
628,26.0,7.8958,False,True,True,False,False,False,False,False,False,False,False,False,False,False,False,True,0
630,80.0,30.0,False,False,True,False,False,False,False,False,False,False,False,False,False,False,False,True,1
631,51.0,7.0542,False,True,True,False,False,False,False,False,False,False,False,False,False,False,False,True,0
632,32.0,30.5,False,False,True,False,False,False,False,False,False,False,False,False,False,False,False,False,1
634,9.0,27.9,False,True,False,False,False,True,False,False,False,True,False,False,False,False,False,True,0
635,28.0,13.0,True,False,False,False,False,False,False,False,False,False,False,False,False,False,False,True,1
636,32.0,7.925,False,True,True,False,False,False,False,False,False,False,False,False,False,False,False,True,0
637,31.0,26.25,True,False,True,True,False,False,False,False,True,False,False,False,False,False,False,True,0
638,41.0,39.6875,False,True,False,False,False,False,False,False,False,False,False,False,True,False,False,True,0
640,20.0,7.8542,False,True,True,False,False,False,False,False,False,False,False,False,False,False,False,True,0
641,24.0,69.3,False,False,False,False,False,False,False,False,False,False,False,False,False,False,False,False,1
642,2.0,27.9,False,True,False,False,False,True,False,False,False,True,False,False,False,False,False,True,0
644,0.75,19.2583,False,True,False,False,True,False,False,False,True,False,False,False,False,False,False,False,1
645,48.0,76.7292,False,False,True,True,False,False,False,False,False,False,False,False,False,False,False,False,1
646,19.0,7.8958,False,True,True,False,False,False,False,False,False,False,False,False,False,False,False,True,0
647,56.0,35.5,False,False,True,False,False,False,False,False,False,False,False,False,False,False,False,False,1
649,23.0,7.55,False,True,False,False,False,False,False,False,False,False,False,False,False,False,False,True,1
651,18.0,23.0,True,False,False,False,False,False,False,False,True,False,False,False,False,False,False,True,1
652,21.0,8.4333,False,True,True,False,False,False,False,False,False,False,False,False,False,False,False,True,0
654,18.0,6.75,False,True,False,False,False,False,False,False,False,False,False,False,False,False,True,False,0
655,24.0,73.5,True,False,True,False,True,False,False,False,False,False,False,False,False,False,False,True,0
657,32.0,15.5,False,True,False,True,False,False,False,False,True,False,False,False,False,False,True,False,0
658,23.0,13.0,True,False,True,False,False,False,False,False,False,False,False,False,False,False,False,True,0
659,58.0,113.275,False,False,True,False,False,False,False,False,False,True,False,False,False,False,False,False,0
660,50.0,133.65,False,False,True,False,True,False,False,False,False,False,False,False,False,False,False,True,1
661,40.0,7.225,False,True,True,False,False,False,False,False,False,False,False,False,False,False,False,False,0
662,47.0,25.5875,False,False,True,False,False,False,False,False,False,False,False,False,False,False,False,True,0
663,36.0,7.4958,False,True,True,False,False,False,False,False,False,False,False,False,False,False,False,True,0
664,20.0,7.925,False,True,True,True,False,False,False,False,False,False,False,False,False,False,False,True,1
665,32.0,73.5,True,False,True,False,True,False,False,False,False,False,False,False,False,False,False,True,0
666,25.0,13.0,True,False,True,False,False,False,False,False,False,False,False,False,False,False,False,True,0
668,43.0,8.05,False,True,True,False,False,False,False,False,False,False,False,False,False,False,False,True,0
670,40.0,39.0,True,False,False,True,False,False,False,False,True,False,False,False,False,False,False,True,1
671,31.0,52.0,False,False,True,True,False,False,False,False,False,False,False,False,False,False,False,True,0
672,70.0,10.5,True,False,True,False,False,False,False,False,False,False,False,False,False,False,False,True,0
673,31.0,13.0,True,False,True,False,False,False,False,False,False,False,False,False,False,False,False,True,1
675,18.0,7.775,False,True,True,False,False,False,False,False,False,False,False,False,False,False,False,True,0
676,24.5,8.05,False,True,True,False,False,False,False,False,False,False,False,False,False,False,False,True,0
677,18.0,9.8417,False,True,False,False,False,False,False,False,False,False,False,False,False,False,False,True,1
678,43.0,46.9,False,True,False,True,False,False,False,False,False,False,False,False,False,True,False,True,0
679,36.0,512.3292,False,False,True,False,False,False,False,False,True,False,False,False,False,False,False,False,1
681,27.0,76.7292,False,False,True,False,False,False,False,False,False,False,False,False,False,False,False,False,1
682,20.0,9.225,False,True,True,False,False,False,False,False,False,False,False,False,False,False,False,True,0
683,14.0,46.9,False,True,True,False,False,False,False,True,False,True,False,False,False,False,False,True,0
684,60.0,39.0,True,False,True,True,False,False,False,False,True,False,False,False,False,False,False,True,0
685,25.0,41.5792,True,False,True,True,False,False,False,False,False,True,False,False,False,False,False,False,0
686,14.0,39.6875,False,True,True,False,False,False,True,False,True,False,False,False,False,False,False,True,0
687,19.0,10.1708,False,True,True,False,False,False,False,False,False,False,False,False,False,False,False,True,0
688,18.0,7.7958,False,True,True,False,False,False,False,False,False,False,False,False,False,False,False,True,0
689,15.0,211.3375,False,False,False,False,False,False,False,False,True,False,False,False,False,False,False,True,1
690,31.0,57.0,False,False,True,True,False,False,False,False,False,False,False,False,False,False,False,True,1
691,4.0,13.4167,False,True,False,False,False,False,False,False,True,False,False,False,False,False,False,False,1
693,25.0,7.225,False,True,True,False,False,False,False,False,False,False,False,False,False,False,False,False,0
694,60.0,26.55,False,False,True,False,False,False,False,False,False,False,False,False,False,False,False,True,0
695,52.0,13.5,True,False,True,False,False,False,False,False,False,False,False,False,False,False,False,True,0
696,44.0,8.05,False,True,True,False,False,False,False,False,False,False,False,False,False,False,False,True,0
698,49.0,110.8833,False,False,True,True,False,False,False,False,True,False,False,False,False,False,False,False,0
699,42.0,7.65,False,True,True,False,False,False,False,False,False,False,False,False,False,False,False,True,0
700,18.0,227.525,False,False,False,True,False,False,False,False,False,False,False,False,False,False,False,False,1
701,35.0,26.2875,False,False,True,False,False,False,False,False,False,False,False,False,False,False,False,True,1
702,18.0,14.4542,False,True,False,False,False,False,False,False,True,False,False,False,False,False,False,False,0
703,25.0,7.7417,False,True,True,False,False,False,False,False,False,False,False,False,False,False,True,False,0
704,26.0,7.8542,False,True,True,True,False,False,False,False,False,False,False,False,False,False,False,True,0
705,39.0,26.0,True,False,True,False,False,False,False,False,False,False,False,False,False,False,False,True,0
706,45.0,13.5,True,False,False,False,False,False,False,False,False,False,False,False,False,False,False,True,1
707,42.0,26.2875,False,False,True,False,False,False,False,False,False,False,False,False,False,False,False,True,1
708,22.0,151.55,False,False,False,False,False,False,False,False,False,False,False,False,False,False,False,True,1
710,24.0,49.5042,False,False,False,False,False,False,False,False,False,False,False,False,False,False,False,False,1
712,48.0,52.0,False,False,True,True,False,False,False,False,False,False,False,False,False,False,False,True,1
713,29.0,9.4833,False,True,True,False,False,False,False,False,False,False,False,False,False,False,False,True,0
714,52.0,13.0,True,False,True,False,False,False,False,False,False,False,False,False,False,False,False,True,0
715,19.0,7.65,False,True,True,False,False,False,False,False,False,False,False,False,False,False,False,True,0
716,38.0,227.525,False,False,False,False,False,False,False,False,False,False,False,False,False,False,False,False,1
717,27.0,10.5,True,False,False,False,False,False,False,False,False,False,False,False,False,False,False,True,1
719,33.0,7.775,False,True,True,False,False,False,False,False,False,False,False,False,False,False,False,True,0
720,6.0,33.0,True,False,False,False,False,False,False,False,True,False,False,False,False,False,False,True,1
721,17.0,7.0542,False,True,True,True,False,False,False,False,False,False,False,False,False,False,False,True,0
722,34.0,13.0,True,False,True,False,False,False,False,False,False,False,False,False,False,False,False,True,0
723,50.0,13.0,True,False,True,False,False,False,False,False,False,False,False,False,False,False,False,True,0
724,27.0,53.1,False,False,True,True,False,False,False,False,False,False,False,False,False,False,False,True,1
725,20.0,8.6625,False,True,True,False,False,False,False,False,False,False,False,False,False,False,False,True,0
726,30.0,21.0,True,False,False,False,False,True,False,False,False,False,False,False,False,False,False,True,1
728,25.0,26.0,True,False,True,True,False,False,False,False,False,False,False,False,False,False,False,True,0
729,25.0,7.925,False,True,False,True,False,False,False,False,False,False,False,False,False,False,False,True,0
730,29.0,211.3375,False,False,False,False,False,False,False,False,False,False,False,False,False,False,False,True,1
731,11.0,18.7875,False,True,True,False,False,False,False,False,False,False,False,False,False,False,False,False,0
733,23.0,13.0,True,False,True,False,False,False,False,False,False,False,False,False,False,False,False,True,0
734,23.0,13.0,True,False,True,False,False,False,False,False,False,False,False,False,False,False,False,True,0
735,28.5,16.1,False,True,True,False,False,False,False,False,False,False,False,False,False,False,False,True,0
736,48.0,34.375,False,True,False,True,False,False,False,False,False,False,True,False,False,False,False,True,0
737,35.0,512.3292,False,False,True,False,False,False,False,False,False,False,False,False,False,False,False,False,1
741,36.0,78.85,False,False,True,True,False,False,False,False,False,False,False,False,False,False,False,True,0
742,21.0,262.375,False,False,False,False,True,False,False,False,False,True,False,False,False,False,False,False,1
743,24.0,16.1,False,True,True,True,False,False,False,False,False,False,False,False,False,False,False,True,0
744,31.0,7.925,False,True,True,False,False,False,False,False,False,False,False,False,False,False,False,True,1
745,70.0,71.0,False,False,True,True,False,False,False,False,True,False,False,False,False,False,False,True,0
746,16.0,20.25,False,True,True,True,False,False,False,False,True,False,False,False,False,False,False,True,0
747,30.0,13.0,True,False,False,False,False,False,False,False,False,False,False,False,False,False,False,True,1
748,19.0,53.1,False,False,True,True,False,False,False,False,False,False,False,False,False,False,False,True,0
749,31.0,7.75,False,True,True,False,False,False,False,False,False,False,False,False,False,False,True,False,0
750,4.0,23.0,True,False,False,True,False,False,False,False,True,False,False,False,False,False,False,True,1
751,6.0,12.475,False,True,True,False,False,False,False,False,True,False,False,False,False,False,False,True,1
752,33.0,9.5,False,True,True,False,False,False,False,False,False,False,False,False,False,False,False,True,0
753,23.0,7.8958,False,True,True,False,False,False,False,False,False,False,False,False,False,False,False,True,0
754,48.0,65.0,True,False,False,True,False,False,False,False,False,True,False,False,False,False,False,True,1
755,0.67,14.5,True,False,True,True,False,False,False,False,True,False,False,False,False,False,False,True,1
756,28.0,7.7958,False,True,True,False,False,False,False,False,False,False,False,False,False,False,False,True,0
757,18.0,11.5,True,False,True,False,False,False,False,False,False,False,False,False,False,False,False,True,0
758,34.0,8.05,False,True,True,False,False,False,False,False,False,False,False,False,False,False,False,True,0
759,33.0,86.5,False,False,False,False,False,False,False,False,False,False,False,False,False,False,False,True,1
761,41.0,7.125,False,True,True,False,False,False,False,False,False,False,False,False,False,False,False,True,0
762,20.0,7.2292,False,True,True,False,False,False,False,False,False,False,False,False,False,False,False,False,1
763,36.0,120.0,False,False,False,True,False,False,False,False,False,True,False,False,False,False,False,True,1
764,16.0,7.775,False,True,True,False,False,False,False,False,False,False,False,False,False,False,False,True,0
765,51.0,77.9583,False,False,False,True,False,False,False,False,False,False,False,False,False,False,False,True,1
767,30.5,7.75,False,True,False,False,False,False,False,False,False,False,False,False,False,False,True,False,0
769,32.0,8.3625,False,True,True,False,False,False,False,False,False,False,False,False,False,False,False,True,0
770,24.0,9.5,False,True,True,False,False,False,False,False,False,False,False,False,False,False,False,True,0
771,48.0,7.8542,False,True,True,False,False,False,False,False,False,False,False,False,False,False,False,True,0
772,57.0,10.5,True,False,False,False,False,False,False,False,False,False,False,False,False,False,False,True,0
774,54.0,23.0,True,False,False,True,False,False,False,False,False,False,True,False,False,False,False,True,1
775,18.0,7.75,False,True,True,False,False,False,False,False,False,False,False,False,False,False,False,True,0
777,5.0,12.475,False,True,False,False,False,False,False,False,False,False,False,False,False,False,False,True,1
779,43.0,211.3375,False,False,False,False,False,False,False,False,True,False,False,False,False,False,False,True,1
780,13.0,7.2292,False,True,False,False,False,False,False,False,False,False,False,False,False,False,False,False,1
781,17.0,57.0,False,False,False,True,False,False,False,False,False,False,False,False,False,False,False,True,1
782,29.0,30.0,False,False,True,False,False,False,False,False,False,False,False,False,False,False,False,True,0
784,25.0,7.05,False,True,True,False,False,False,False,False,False,False,False,False,False,False,False,True,0
785,25.0,7.25,False,True,True,False,False,False,False,False,False,False,False,False,False,False,False,True,0
786,18.0,7.4958,False,True,False,False,False,False,False,False,False,False,False,False,False,False,False,True,1
787,8.0,29.125,False,True,True,False,False,False,True,False,True,False,False,False,False,False,True,False,0
788,1.0,20.575,False,True,True,True,False,False,False,False,False,True,False,False,False,False,False,True,1
789,46.0,79.2,False,False,True,False,False,False,False,False,False,False,False,False,False,False,False,False,0
791,16.0,26.0,True,False,True,False,False,False,False,False,False,False,False,False,False,False,False,True,0
794,25.0,7.8958,False,True,True,False,False,False,False,False,False,False,False,False,False,False,False,True,0
795,39.0,13.0,True,False,True,False,False,False,False,False,False,False,False,False,False,False,False,True,0
796,49.0,25.9292,False,False,False,False,False,False,False,False,False,False,False,False,False,False,False,True,1
797,31.0,8.6833,False,True,False,False,False,False,False,False,False,False,False,False,False,False,False,True,1
798,30.0,7.2292,False,True,True,False,False,False,False,False,False,False,False,False,False,False,False,False,0
799,30.0,24.15,False,True,False,True,False,False,False,False,True,False,False,False,False,False,False,True,0
800,34.0,13.0,True,False,True,False,False,False,False,False,False,False,False,False,False,False,False,True,0
801,31.0,26.25,True,False,False,True,False,False,False,False,True,False,False,False,False,False,False,True,1
802,11.0,120.0,False,False,True,True,False,False,False,False,False,True,False,False,False,False,False,True,1
803,0.42,8.5167,False,True,True,False,False,False,False,False,True,False,False,False,False,False,False,False,1
804,27.0,6.975,False,True,True,False,False,False,False,False,False,False,False,False,False,False,False,True,1
805,31.0,7.775,False,True,True,False,False,False,False,False,False,False,False,False,False,False,False,True,0
806,39.0,0.0,False,False,True,False,False,False,False,False,False,False,False,False,False,False,False,True,0
807,18.0,7.775,False,True,False,False,False,False,False,False,False,False,False,False,False,False,False,True,0
808,39.0,13.0,True,False,True,False,False,False,False,False,False,False,False,False,False,False,False,True,0
809,33.0,53.1,False,False,False,True,False,False,False,False,False,False,False,False,False,False,False,True,1
810,26.0,7.8875,False,True,True,False,False,False,False,False,False,False,False,False,False,False,False,True,0
811,39.0,24.15,False,True,True,False,False,False,False,False,False,False,False,False,False,False,False,True,0
812,35.0,10.5,True,False,True,False,False,False,False,False,False,False,False,False,False,False,False,True,0
813,6.0,31.275,False,True,False,False,False,False,True,False,False,True,False,False,False,False,False,True,0
814,30.5,8.05,False,True,True,False,False,False,False,False,False,False,False,False,False,False,False,True,0
816,23.0,7.925,False,True,False,False,False,False,False,False,False,False,False,False,False,False,False,True,0
817,31.0,37.0042,True,False,True,True,False,False,False,False,True,False,False,False,False,False,False,False,0
818,43.0,6.45,False,True,True,False,False,False,False,False,False,False,False,False,False,False,False,True,0
819,10.0,27.9,False,True,True,False,False,True,False,False,False,True,False,False,False,False,False,True,0
820,52.0,93.5,False,False,False,True,False,False,False,False,True,False,False,False,False,False,False,True,1
821,27.0,8.6625,False,True,True,False,False,False,False,False,False,False,False,False,False,False,False,True,1
822,38.0,0.0,False,False,True,False,False,False,False,False,False,False,False,False,False,False,False,True,0
823,27.0,12.475,False,True,False,False,False,False,False,False,True,False,False,False,False,False,False,True,1
824,2.0,39.6875,False,True,True,False,False,False,True,False,True,False,False,False,False,False,False,True,0
827,1.0,37.0042,True,False,True,False,False,False,False,False,False,True,False,False,False,False,False,False,1
830,15.0,14.4542,False,True,False,True,False,False,False,False,False,False,False,False,False,False,False,False,1
831,0.83,18.75,True,False,True,True,False,False,False,False,True,False,False,False,False,False,False,True,1
833,23.0,7.8542,False,True,True,False,False,False,False,False,False,False,False,False,False,False,False,True,0
834,18.0,8.3,False,True,True,False,False,False,False,False,False,False,False,False,False,False,False,True,0
835,39.0,83.1583,False,False,False,True,False,False,False,False,True,False,False,False,False,False,False,False,1
836,21.0,8.6625,False,True,True,False,False,False,False,False,False,False,False,False,False,False,False,True,0
838,32.0,56.4958,False,True,True,False,False,False,False,False,False,False,False,False,False,False,False,True,1
840,20.0,7.925,False,True,True,False,False,False,False,False,False,False,False,False,False,False,False,True,0
841,16.0,10.5,True,False,True,False,False,False,False,False,False,False,False,False,False,False,False,True,0
842,30.0,31.0,False,False,False,False,False,False,False,False,False,False,False,False,False,False,False,False,1
843,34.5,6.4375,False,True,True,False,False,False,False,False,False,False,False,False,False,False,False,False,0
844,17.0,8.6625,False,True,True,False,False,False,False,False,False,False,False,False,False,False,False,True,0
845,42.0,7.55,False,True,True,False,False,False,False,False,False,False,False,False,False,False,False,True,0
847,35.0,7.8958,False,True,True,False,False,False,False,False,False,False,False,False,False,False,False,False,0
848,28.0,33.0,True,False,True,False,False,False,False,False,True,False,False,False,False,False,False,True,0
850,4.0,31.275,False,True,True,False,False,False,True,False,False,True,False,False,False,False,False,True,0
851,74.0,7.775,False,True,True,False,False,False,False,False,False,False,False,False,False,False,False,True,0
852,9.0,15.2458,False,True,False,True,False,False,False,False,True,False,False,False,False,False,False,False,0
853,16.0,39.4,False,False,False,False,False,False,False,False,True,False,False,False,False,False,False,True,1
854,44.0,26.0,True,False,False,True,False,False,False,False,False,False,False,False,False,False,False,True,0
855,18.0,9.35,False,True,False,False,False,False,False,False,True,False,False,False,False,False,False,True,1
856,45.0,164.8667,False,False,False,True,False,False,False,False,True,False,False,False,False,False,False,True,1
857,51.0,26.55,False,False,True,False,False,False,False,False,False,False,False,False,False,False,False,True,1
858,24.0,19.2583,False,True,False,False,False,False,False,False,False,False,True,False,False,False,False,False,1
860,41.0,14.1083,False,True,True,False,True,False,False,False,False,False,False,False,False,False,False,True,0
861,21.0,11.5,True,False,True,True,False,False,False,False,False,False,False,False,False,False,False,True,0
862,48.0,25.9292,False,False,False,False,False,False,False,False,False,False,False,False,False,False,False,True,1
864,24.0,13.0,True,False,True,False,False,False,False,False,False,False,False,False,False,False,False,True,0
865,42.0,13.0,True,False,False,False,False,False,False,False,False,False,False,False,False,False,False,True,1
866,27.0,13.8583,True,False,False,True,False,False,False,False,False,False,False,False,False,False,False,False,1
867,31.0,50.4958,False,False,True,False,False,False,False,False,False,False,False,False,False,False,False,True,0
869,4.0,11.1333,False,True,True,True,False,False,False,False,True,False,False,False,False,False,False,True,1
870,26.0,7.8958,False,True,True,False,False,False,False,False,False,False,False,False,False,False,False,True,0
871,47.0,52.5542,False,False,False,True,False,False,False,False,True,False,False,False,False,False,False,True,1
872,33.0,5.0,False,False,True,False,False,False,False,False,False,False,False,False,False,False,False,True,0
873,47.0,9.0,False,True,True,False,False,False,False,False,False,False,False,False,False,False,False,True,0
874,28.0,24.0,True,False,False,True,False,False,False,False,False,False,False,False,False,False,False,False,1
875,15.0,7.225,False,True,False,False,False,False,False,False,False,False,False,False,False,False,False,False,1
876,20.0,9.8458,False,True,True,False,False,False,False,False,False,False,False,False,False,False,False,True,0
877,19.0,7.8958,False,True,True,False,False,False,False,False,False,False,False,False,False,False,False,True,0
879,56.0,83.1583,False,False,False,False,False,False,False,False,True,False,False,False,False,False,False,False,1
880,25.0,26.0,True,False,False,False,False,False,False,False,True,False,False,False,False,False,False,True,1
881,33.0,7.8958,False,True,True,False,False,False,False,False,False,False,False,False,False,False,False,True,0
882,22.0,10.5167,False,True,False,False,False,False,False,False,False,False,False,False,False,False,False,True,0
883,28.0,10.5,True,False,True,False,False,False,False,False,False,False,False,False,False,False,False,True,0
884,25.0,7.05,False,True,True,False,False,False,False,False,False,False,False,False,False,False,False,True,0
885,39.0,29.125,False,True,False,False,False,False,False,False,False,False,False,False,True,False,True,False,0
886,27.0,13.0,True,False,True,False,False,False,False,False,False,False,False,False,False,False,False,True,0
887,19.0,30.0,False,False,False,False,False,False,False,False,False,False,False,False,False,False,False,True,1
889,26.0,30.0,False,False,True,False,False,False,False,False,False,False,False,False,False,False,False,False,1
890,32.0,7.75,False,True,True,False,False,False,False,False,False,False,False,False,False,False,True,False,0
